receptor,gpcr_class,delta_tilt_ref,delta_npxxy_ref,delta_tilt_valid,delta_npxxy_valid,axes_valid_for_receptor
5HT1A,,,,False,False,
5HT1B,A,3.7945300000000017,-8.568625,True,True,"tilt,npxxy"
5HT2A,,,,False,False,
5HT2C,A,5.032884000000001,-1.273892,True,True,"tilt,npxxy"
5HT5A,A,6.1184840000000005,-14.608591999999998,True,True,"tilt,npxxy"
AA1R,A,5.179174,-5.755420999999999,True,True,"tilt,npxxy"
AA2AR,A,6.1267672859230515,-5.960439922689195,True,True,"tilt,npxxy"
ACM1,A,,,False,False,
ACM2,A,5.670973,-13.623505000000002,True,True,"tilt,npxxy"
ACM3,,,,False,False,
ACM4,A,5.897988,-12.779903999999998,True,True,"tilt,npxxy"
ADA1A,,,,False,False,
ADA2A,A,,,False,False,
ADRB1,A,,,False,False,
ADRB2,A,5.634227103599299,-6.5812425650102995,True,True,"tilt,npxxy"
AGTR1,A,7.857559,-7.732562,True,True,"tilt,npxxy"
APJ,A,2.292432999999999,-20.58016,True,True,"tilt,npxxy"
B1B1U5,A,6.725196,1.3547069999999994,True,True,"tilt,npxxy"
BRS3,,,,False,False,
CALCR,,,,False,False,
CCKAR,A,,,False,False,
CCR2,,,,False,False,
CCR5,A,6.79565830202705,-7.020236830706299,True,True,"tilt,npxxy"
CCR6,,,,False,False,
CCR8,,,,False,False,
CML2,,,,False,False,
CNR1,A,5.543704230842698,-5.950717835566201,True,True,"tilt,npxxy"
CNR2,A,4.888456,-6.8025649999999995,True,True,"tilt,npxxy"
CRFR1,,7.5601340000000015,,True,False,tilt
CRHR1,B,7.766566000000001,,True,False,"tilt,kink"
CXCR1,,,,False,False,
CXCR2,A,5.325510000000001,-4.009462,True,True,"tilt,npxxy"
CXCR3,,,,False,False,
CXCR4,A,4.676210000000001,-9.579457,True,True,"tilt,npxxy"
DRD2,A,6.140034,-5.778296,True,True,"tilt,npxxy"
DRD3,A,,,False,False,
DRD4,,,,False,False,
DRD5,,,,False,False,
EDNRA,A,,,False,False,
EDNRB,A,2.7241669999999996,,True,False,tilt
FFAR2,,,,False,False,
FSHR,A,5.272624999999998,,True,False,tilt
FZD4,F,2.894582500000002,,True,False,tilt
FZD6,F,1.0336879999999997,,True,False,tilt
FZD7,F,2.472462,,True,False,tilt
GCGR,B,12.860397999999998,,True,False,"tilt,kink"
GHSR,A,5.291046999999999,-5.222514,True,True,"tilt,npxxy"
GLP1R,B,10.231247000000002,,True,False,"tilt,kink"
GP101,,,,False,False,
GP132,,,,False,False,
GPER1,,,,False,False,
GPR12,,,,False,False,
GPR15,,,,False,False,
GPR3,,,,False,False,
GPR34,,,,False,False,
GPR55,,,,False,False,
GPR6,,,,False,False,
GPR84,,,,False,False,
GRPR,A,5.386479,,True,False,tilt
HCAR3,,,,False,False,
HRH1,A,5.087273,-10.714563000000002,True,True,"tilt,npxxy"
HRH2,,,,False,False,
HRH3,A,,,False,False,
HRH4,,,,False,False,
KISSR,,,,False,False,
LPAR1,A,6.540000999999998,-5.192592000000001,True,True,"tilt,npxxy"
LSHR,A,7.156556000000002,,True,False,tilt
LT4R1,A,5.9134540000000015,-8.16752,True,True,"tilt,npxxy"
MC3R,,6.8762419999999995,,True,False,tilt
MC5R,,,,False,False,
MCHR1,A,4.580696,-2.009340999999999,True,True,"tilt,npxxy"
MCHR2,,,,False,False,
MTR1A,,,,False,False,
MTR1B,,,,False,False,
NK1R,,,,False,False,
NMBR,,,,False,False,
NPY1R,A,5.040165999999999,-5.970039,True,True,"tilt,npxxy"
NPY2R,A,5.592457000000001,-5.801127,True,True,"tilt,npxxy"
NTR1,,,,False,False,
OPRD,A,3.728368999999999,2.4976699999999994,True,True,"tilt,npxxy"
OPRK,A,5.625022000000001,-7.604551,True,True,"tilt,npxxy"
OPRM,,,,False,False,
OPRX,A,5.977647000000001,-6.683811,True,True,"tilt,npxxy"
OPSD,A,4.126431,-19.534927,True,True,"tilt,npxxy"
OPSR,,,,False,False,
OX2R,A,,,False,False,
OXYR,,7.414089000000002,,True,False,tilt
P2Y10,,,,False,False,
PD2R2,,6.634283,,True,False,tilt
PE2R1,,,,False,False,
PE2R4,,4.671442000000001,,True,False,tilt
PF2R,,,,False,False,
PI2R,,,,False,False,
PRLHR,,,,False,False,
PTH1R,B,10.579623000000002,,True,False,"tilt,kink"
QRFPR,,,,False,False,
S1PR1,,,,False,False,
S1PR5,,7.192997999999999,,True,False,tilt
SMO,F,4.872239499999999,,True,False,tilt
SSR1,,,,False,False,
SSR2,,,,False,False,
SSR3,,,,False,False,
SSR5,,,,False,False,
SUCR1,,,,False,False,
TA2R,,4.601846000000002,,True,False,tilt
TSHR,,4.1892510000000005,,True,False,tilt
XCR1,,,,False,False,
