receptor_slug,role,pdb_id,uniprot_slug,species,resolved_state,stabilising_elements,construct,construct_offset,d_r350_r630_ca_ref,anchor_positions,provenance_sha256,active_stabilization_source,alpha5_donor_class,curation_note,d_npxxy_ca_ref,d_npxxy_oh_ref,d_y558_pack_ref,d_dry_ref,d_tm5_out_ref,icl2_helical_ref,d_gpcrdb_tm6_tilt_ref,a100_index_ref,a100_component_1_ref,a100_component_2_ref,a100_component_3_ref,a100_component_4_ref,a100_component_5_ref,angle_class_b_kink_ref,icl3_status,icl3_residues_missing,icl3_residues_missing_count,fusion_partner,fusion_partner_insertion_range
ADRB2,inactive_neutral_antagonist,3NYA,adrb2_human,human,inactive-neutral-antagonist,T4L,wt,0,,"{""3.50"":131,""3.51"":132,""5.58"":219,""6.30"":268,""6.34"":272,""7.53"":326}",,,,pdb_chain=A;ligand_ccd=JTZ;ligand=alprenolol;resolution=3.16;deposited=2010-07-14;activity_class=neutral_antagonist;dispatch_tier=tier1;prospective_candidate=false;training_cutoff_verified=NO;source=PMID:21228869 (Wacker 2010);merged_2026_09_04_into_reference_set.csv=APPENDED_NEW_ROW;dispatch_tier=tier3;ancestor_row=pending_curation_block_c.csv:L2;merge_disposition=already_merged_into_reference_set;sidecar_source=pending_curation_block_c_tier3.csv,,,,,,,,,,,,,,,,,,T4L,
ADRB2,inactive_inverse_agonist,2RH1,adrb2_human,human,inactive-inverse-agonist,T4L,wt,0,,"{""3.50"":131,""3.51"":132,""5.58"":219,""6.30"":268,""6.34"":272,""7.53"":326}",,,,pdb_chain=A;ligand_ccd=CAU;ligand=carazolol;resolution=2.40;deposited=2007-10-05;activity_class=inverse_agonist;dispatch_tier=tier1;prospective_candidate=false;training_cutoff_verified=NO;source=PMID:17962520 (Cherezov 2007);merged_2026_09_04_into_reference_set.csv=APPENDED_NEW_ROW;dispatch_tier=tier3;ancestor_row=pending_curation_block_c.csv:L3;merge_disposition=already_merged_into_reference_set;sidecar_source=pending_curation_block_c_tier3.csv,,,,,,,,,,,,,,,,,,T4L,
DRD3,inactive_neutral_antagonist,3PBL,drd3_human,human,inactive-neutral-antagonist,T4L,wt,0,,"{""3.50"":128,""3.51"":129,""5.58"":208,""6.30"":324,""6.34"":328,""7.53"":383}",,,,pdb_chain=A;ligand_ccd=ETQ;ligand=eticlopride;resolution=2.89;deposited=2010-09-24;activity_class=neutral_antagonist;dispatch_tier=tier1;prospective_candidate=false;training_cutoff_verified=NO;source=PMID:21109569 (Chien 2010);extra=already-present-in-reference_set-as-inactive:mirror-with-finer-role;merged_2026_09_04_into_reference_set.csv=PROMOTED_ROLE_SPECIFIC_ADDED;dispatch_tier=tier3;ancestor_row=pending_curation_block_c.csv:L4;merge_disposition=already_merged_into_reference_set;sidecar_source=pending_curation_block_c_tier3.csv,,,,,,,,,,,,,,,,,,T4L,
AA2AR,inactive_neutral_antagonist,5MZP,aa2ar_human,human,inactive-neutral-antagonist,StaR2-bRIL,wt,0,,"{""3.50"":102,""3.51"":103,""5.58"":197,""6.30"":228,""6.34"":232,""7.53"":288}",,,,pdb_chain=A;ligand_ccd=CFF;ligand=caffeine;resolution=2.10;deposited=2017-02-01;activity_class=neutral_antagonist;dispatch_tier=tier1;prospective_candidate=false;training_cutoff_verified=NO;source=PMID:28288108 (Cheng 2017);extra=thermostabilised-StaR2-mutant;merged_2026_09_04_into_reference_set.csv=APPENDED_NEW_ROW;dispatch_tier=tier3;ancestor_row=pending_curation_block_c.csv:L5;merge_disposition=already_merged_into_reference_set;sidecar_source=pending_curation_block_c_tier3.csv,,,,,,,,,,,,,,,,,,BRIL,
AA2AR,inactive_inverse_agonist,5NM4,aa2ar_human,human,inactive-inverse-agonist,StaR2-bRIL,wt,0,,"{""3.50"":102,""3.51"":103,""5.58"":197,""6.30"":228,""6.34"":232,""7.53"":288}",,,,pdb_chain=A;ligand_ccd=ZMA;ligand=ZM-241385;resolution=1.70;deposited=2017-03;activity_class=inverse_agonist;dispatch_tier=tier1;prospective_candidate=false;training_cutoff_verified=NO;source=PMID:28288108 (Cheng 2017);extra=already-present-in-reference_set-as-inactive:mirror-with-finer-role;StaR2-thermostabilised;merged_2026_09_04_into_reference_set.csv=PROMOTED_ROLE_SPECIFIC_ADDED;dispatch_tier=tier3;ancestor_row=pending_curation_block_c.csv:L6;merge_disposition=already_merged_into_reference_set;sidecar_source=pending_curation_block_c_tier3.csv,,,,,,,,,,,,,,,,,,BRIL,
ACM4,inactive_neutral_antagonist,5DSG,acm4_human,human,inactive-neutral-antagonist,T4L,wt,0,,"{""3.50"":130,""3.51"":131,""5.58"":215,""6.30"":395,""6.34"":399,""7.53"":453}",,,,pdb_chain=A;ligand_ccd=T4B;ligand=tiotropium;resolution=2.60;deposited=2015-09-08;activity_class=neutral_antagonist;dispatch_tier=tier1;prospective_candidate=false;training_cutoff_verified=NO;source=PMID:26720722 (Thal 2016);extra=already-present-in-reference_set-as-inactive:mirror-with-finer-role;no-inverse-ag-crystal-known;merged_2026_09_04_into_reference_set.csv=PROMOTED_ROLE_SPECIFIC_ADDED;corrections_applied=ccd_corrected_from_T4B_to_0HK_per_rcsb;dispatch_tier=tier3;ancestor_row=pending_curation_block_c.csv:L7;merge_disposition=already_merged_into_reference_set;sidecar_source=pending_curation_block_c_tier3.csv,,,,,,,,,,,,,,,,,,T4L,
OX2R,inactive_neutral_antagonist,5WQC,ox2r_human,human,inactive-neutral-antagonist,none,wt,0,,"{""3.50"":152,""3.51"":153,""5.58"":243,""6.30"":299,""6.34"":303,""7.53"":364}",,,,pdb_chain=A;ligand_ccd=SUV;ligand=suvorexant;resolution=2.50;deposited=2017-11;activity_class=neutral_antagonist;dispatch_tier=tier1;prospective_candidate=false;training_cutoff_verified=NO;source=PMID:29155990 (Suno 2018);extra=already-present-in-reference_set-as-inactive:mirror-with-finer-role;no-inverse-ag-crystal-known;merged_2026_09_04_into_reference_set.csv=PROMOTED_ROLE_SPECIFIC_ADDED;corrections_applied=ccd_corrected_from_SUV_to_7MA_per_rcsb;resolution_updated_to_rcsb=1.96;dispatch_tier=tier3;ancestor_row=pending_curation_block_c.csv:L8;merge_disposition=already_merged_into_reference_set;sidecar_source=pending_curation_block_c_tier3.csv,,,,,,,,,,,,,,,,,,,
ACM2,inactive_neutral_antagonist,5ZKC,acm2_human,human,inactive-neutral-antagonist,thermostabilised,wt,0,,"{""3.50"":121,""3.51"":122,""5.58"":206,""6.30"":382,""6.34"":386,""7.53"":440}",,,,pdb_chain=A;ligand=N-methylscopolamine;resolution=2.30;deposited=2018-03-23;activity_class=neutral_antagonist;dispatch_tier=tier1;prospective_candidate=false;training_cutoff_verified=NO;source=PMID:29915237 (Suno 2018);extra=pending_a1_reconciliation;ligand-is-NMS-not-QNB-per-RCSB;NMS-variously-called-neutral-antagonist-or-weak-inverse;RCSB-lists-species-as-rat-but-reference_set-has-human-verify-at-merge;merged_2026_09_04_into_reference_set.csv=PROMOTED_ROLE_SPECIFIC_ADDED;corrections_applied=ligand_ccd=NMS;pending_a1_activity_class_reconciliation=NMS-may-be-weak-inverse-agonist;dispatch_tier=tier3;ancestor_row=pending_curation_block_c.csv:L9;merge_disposition=already_merged_into_reference_set;sidecar_source=pending_curation_block_c_tier3.csv,,,,,,,,,,,,,,,,,,,
AA1R,inactive_neutral_antagonist,5UEN,aa1r_human,human,inactive-neutral-antagonist,bRIL,wt,0,,"{""3.50"":105,""3.51"":106,""5.58"":200,""6.30"":229,""6.34"":233,""7.53"":288}",,,,pdb_chain=A;ligand_ccd=DU1;ligand=DU-172;resolution=3.20;deposited=2017-01-03;activity_class=neutral_antagonist;dispatch_tier=tier1;prospective_candidate=false;training_cutoff_verified=NO;source=PMID:28235201 (Glukhova 2017);extra=already-present-in-reference_set-as-inactive:mirror-with-finer-role;ligand_covalent=true;5N2R-is-A2AR-not-A1R-so-no-inverse-ag-ref-for-A1R;merged_2026_09_04_into_reference_set.csv=PROMOTED_ROLE_SPECIFIC_ADDED;dispatch_tier=tier3;ancestor_row=pending_curation_block_c.csv:L10;merge_disposition=already_merged_into_reference_set;sidecar_source=pending_curation_block_c_tier3.csv,,,,,,,,,,,,,,,,,,BRIL,
HRH1,inactive_inverse_agonist,8X5Y,hrh1_human,human,inactive-inverse-agonist,BRIL,wt,0,,"{""3.50"":125,""3.51"":126,""5.58"":210,""6.30"":410,""6.34"":414,""7.53"":468}",,,,pdb_chain=A;ligand=astemizole;resolution=3.00;deposited=2023-11-20;activity_class=inverse_agonist;dispatch_tier=tier4_sidebar;prospective_candidate=true;training_cutoff_verified=NO;source=RCSB:8X5Y (2023);extra=prefer-over-3RZE-for-post-cutoff-prospective-stratum;anti-BRIL-Fab-stabilised;overwrites-existing-8X5Y-inactive-in-refs-with-finer-role;merged_2026_09_04_into_reference_set.csv=PROMOTED_ROLE_SPECIFIC_ADDED;corrections_applied=pdb_chain_corrected_from_A_to_B_per_rcsb;ligand_ccd=XB7;dispatch_tier=tier3;ancestor_row=pending_curation_block_c.csv:L11;merge_disposition=already_merged_into_reference_set;sidecar_source=pending_curation_block_c_tier3.csv,,,,,,,,,,,,,,,,,,BRIL,
DRD2,inactive_inverse_agonist,6CM4,drd2_human,human,inactive-inverse-agonist,T4L,wt,0,,"{""3.50"":132,""3.51"":133,""5.58"":209,""6.30"":368,""6.34"":372,""7.53"":426}",,,,pdb_chain=A;ligand_ccd=RIS;ligand=risperidone;resolution=2.87;deposited=2018-03-02;activity_class=inverse_agonist;dispatch_tier=tier4_sidebar;prospective_candidate=false;training_cutoff_verified=NO;source=PMID:29892117 (Wang 2018);extra=already-present-in-reference_set-as-inactive:mirror-with-finer-role;risperidone-canonically-inverse-ag-at-D2;merged_2026_09_04_into_reference_set.csv=PROMOTED_ROLE_SPECIFIC_ADDED;corrections_applied=ccd_corrected_from_RIS_to_8NU_per_rcsb;dispatch_tier=tier3;ancestor_row=pending_curation_block_c.csv:L12;merge_disposition=already_merged_into_reference_set;sidecar_source=pending_curation_block_c_tier3.csv,,,,,,,,,,,,,,,,,,T4L,
OPRK,inactive_neutral_antagonist,4DJH,oprk_human,human,inactive-neutral-antagonist,T4L,wt,0,,"{""3.50"":156,""3.51"":157,""5.58"":246,""6.30"":269,""6.34"":273,""7.53"":330}",,,,pdb_chain=A;ligand_ccd=JDC;ligand=JDTic;resolution=2.90;deposited=2012-02-01;activity_class=neutral_antagonist;dispatch_tier=tier4_sidebar;prospective_candidate=false;training_cutoff_verified=NO;source=PMID:22437502 (Wu 2012);extra=already-present-in-reference_set-as-inactive:mirror-with-finer-role;merged_2026_09_04_into_reference_set.csv=PROMOTED_ROLE_SPECIFIC_ADDED;dispatch_tier=tier3;ancestor_row=pending_curation_block_c.csv:L13;merge_disposition=already_merged_into_reference_set;sidecar_source=pending_curation_block_c_tier3.csv,,,,,,,,,,,,,,,,,,T4L,
OPRD,inactive_neutral_antagonist,4N6H,oprd_human,human,inactive-neutral-antagonist,T4L,wt,0,,"{""3.50"":146,""3.51"":147,""5.58"":233,""6.30"":256,""6.34"":260,""7.53"":318}",,,,pdb_chain=A;ligand_ccd=0HK;ligand=naltrindole;resolution=1.80;deposited=2013-10-12;activity_class=neutral_antagonist;dispatch_tier=tier4_sidebar;prospective_candidate=false;training_cutoff_verified=NO;source=PMID:24413398 (Fenalti 2014);extra=already-present-in-reference_set-as-inactive:mirror-with-finer-role;PSI-community-target;merged_2026_09_04_into_reference_set.csv=PROMOTED_ROLE_SPECIFIC_ADDED;corrections_applied=ccd_corrected_from_0HK_to_EJ4_per_rcsb;dispatch_tier=tier3;ancestor_row=pending_curation_block_c.csv:L15;merge_disposition=already_merged_into_reference_set;sidecar_source=pending_curation_block_c_tier3.csv,,,,,,,,,,,,,,,,,,T4L,
5HT2C,inactive_inverse_agonist,6BQH,5ht2c_human,human,inactive-inverse-agonist,T4L,wt,0,,"{""3.50"":152,""3.51"":153,""5.58"":234,""6.30"":306,""6.34"":310,""7.53"":368}",,,,pdb_chain=A;ligand=ritanserin;resolution=2.70;deposited=2017-11-27;activity_class=inverse_agonist;dispatch_tier=tier4_sidebar;prospective_candidate=false;training_cutoff_verified=NO;source=PMID:29368638 (Peng 2018);extra=already-present-in-reference_set-as-inactive:mirror-with-finer-role;ritanserin-inverse-ag-at-5HT2C;merged_2026_09_04_into_reference_set.csv=PROMOTED_ROLE_SPECIFIC_ADDED;corrections_applied=ligand_ccd_filled_from_rcsb=E2J;dispatch_tier=tier3;ancestor_row=pending_curation_block_c.csv:L17;merge_disposition=already_merged_into_reference_set;sidecar_source=pending_curation_block_c_tier3.csv,,,,,,,,,,,,,,,,,,T4L,
CNR1,inactive_neutral_antagonist,5TGZ,cnr1_human,human,inactive-neutral-antagonist,flavodoxin,wt,0,,"{""3.50"":214,""3.51"":215,""5.58"":294,""6.30"":338,""6.34"":342,""7.53"":397}",,,,pdb_chain=A;ligand=AM6538;resolution=2.80;deposited=2016-09-28;activity_class=neutral_antagonist;dispatch_tier=tier4_sidebar;prospective_candidate=false;training_cutoff_verified=NO;source=PMID:27768894 (Hua 2016);extra=stabilising-antagonist-per-RCSB;prefer-over-5U09-for-clean-antag-classification;merged_2026_09_04_into_reference_set.csv=APPENDED_NEW_ROW;corrections_applied=ligand_ccd_filled_from_rcsb=ZDG;dispatch_tier=tier3;ancestor_row=pending_curation_block_c.csv:L18;merge_disposition=already_merged_into_reference_set;sidecar_source=pending_curation_block_c_tier3.csv,,,,,,,,,,,,,,,,,,,
CNR2,inactive_neutral_antagonist,5ZTY,cnr2_human,human,inactive-neutral-antagonist,BRIL,wt,0,,"{""3.50"":131,""3.51"":132,""5.58"":209,""6.30"":240,""6.34"":244,""7.53"":299}",,,,pdb_chain=A;ligand=compound-9JU;resolution=2.80;deposited=2018-05-05;activity_class=neutral_antagonist;dispatch_tier=tier4_sidebar;prospective_candidate=false;training_cutoff_verified=NO;source=PMID:31324889 (Li 2019);extra=already-present-in-reference_set-as-inactive:mirror-with-finer-role;merged_2026_09_04_into_reference_set.csv=PROMOTED_ROLE_SPECIFIC_ADDED;corrections_applied=ligand_ccd_filled_from_rcsb=9JU;dispatch_tier=tier3;ancestor_row=pending_curation_block_c.csv:L19;merge_disposition=already_merged_into_reference_set;sidecar_source=pending_curation_block_c_tier3.csv,,,,,,,,,,,,,,,,,,BRIL,
CCR5,inactive_neutral_antagonist,4MBS,ccr5_human,human,inactive-neutral-antagonist,rubredoxin,wt,0,,"{""3.50"":126,""3.51"":127,""5.58"":214,""6.30"":230,""6.34"":234,""7.53"":297}",,,,pdb_chain=A;ligand_ccd=MRV;ligand=maraviroc;resolution=2.71;deposited=2013-08-19;activity_class=neutral_antagonist;dispatch_tier=tier4_sidebar;prospective_candidate=false;training_cutoff_verified=NO;source=PMID:24030490 (Tan 2013);extra=prefer-over-existing-5UIW-peptide-antag-for-small-molecule-ligand_rmsd_to_ref;merged_2026_09_04_into_reference_set.csv=APPENDED_NEW_ROW;dispatch_tier=tier3;ancestor_row=pending_curation_block_c.csv:L20;merge_disposition=already_merged_into_reference_set;sidecar_source=pending_curation_block_c_tier3.csv,,,,,,,,,,,,,,,,,,,
NPY1R,inactive_neutral_antagonist,5ZBQ,npy1r_human,human,inactive-neutral-antagonist,BRIL,wt,0,,"{""3.50"":138,""3.51"":139,""5.58"":231,""6.30"":258,""6.34"":262,""7.53"":320}",,,,pdb_chain=A;ligand_ccd=9AO;ligand=UR-MK299;resolution=2.70;deposited=2018-02-12;activity_class=neutral_antagonist;dispatch_tier=tier4_sidebar;prospective_candidate=false;training_cutoff_verified=NO;source=PMID:29618764 (Yang 2018);extra=already-present-in-reference_set-as-inactive:mirror-with-finer-role;merged_2026_09_04_into_reference_set.csv=PROMOTED_ROLE_SPECIFIC_ADDED;dispatch_tier=tier3;ancestor_row=pending_curation_block_c.csv:L21;merge_disposition=already_merged_into_reference_set;sidecar_source=pending_curation_block_c_tier3.csv,,,,,,,,,,,,,,,,,,BRIL,
5HT5A,inactive_neutral_antagonist,7UM4,5ht5a_human,human,inactive-neutral-antagonist,none,wt,0,,"{""3.50"":139,""3.51"":140,""5.58"":220,""6.30"":280,""6.34"":284,""7.53"":338}",,,,pdb_chain=A;ligand_ccd=NN6;ligand=AS2674723;resolution=2.80;deposited=2022-04-06;activity_class=neutral_antagonist;dispatch_tier=tier3;prospective_candidate=true;training_cutoff_verified=NO;source=PMID:35835867 (Tanaka 2022 Nat Struct Mol Biol);extra=post-AF3-cutoff-2021-09-30;rcsb-record-title-explicit-antagonist;sidecar_source=pending_curation_block_c_tier3.csv;merge_disposition=pending,,,,,,,,,,,,,,,disordered-not-modeled,,,,
ACM1,inactive_inverse_agonist,5CXV,acm1_human,human,inactive-inverse-agonist,none,wt,0,,"{""3.50"":123,""3.51"":124,""5.58"":208,""6.30"":360,""6.34"":364,""7.53"":418}",,,,"pdb_chain=A;ligand_ccd=0HK;ligand=tiotropium;resolution=2.70;deposited=2015-07-29;activity_class=inverse_agonist;dispatch_tier=tier3;prospective_candidate=false;training_cutoff_verified=NO;source=PMID:26958838 (Thal 2016 Nature);extra=REPLACED_reference_set_pick_6ZFZ_which_carried_HTL9936_a_partial_agonist_per_RCSB_supporting_quote_""rationally-designed-optimal-properties-including-partial-agonism-into-HTL9936"";rcsb_record_quote=""crystal-structures-of-M1-and-M4-muscarinic-receptors-bound-to-inverse-agonist-tiotropium"";sidecar_source=pending_curation_block_c_tier3.csv;merge_disposition=pending;flag=reference_set_csv_currently_lists_6ZFZ_as_inactive-antagonist_but_RCSB_classifies_HTL9936_as_partial_agonist_recommend_reference_set_update",,,,,,,,,,,,,,,disordered-not-modeled,,,,
ADA2A,inactive_neutral_antagonist,6KUX,ada2a_human,human,inactive-neutral-antagonist,none,wt,0,,"{""3.50"":146,""3.51"":147,""5.58"":231,""6.30"":384,""6.34"":388,""7.53"":441}",,,,"pdb_chain=A;ligand_ccd=E3F;ligand=RSC-decahydroisoquinolino-naphthyridine;resolution=2.70;deposited=2019-09-02;activity_class=neutral_antagonist;dispatch_tier=tier3;prospective_candidate=false;training_cutoff_verified=NO;source=RCSB:6KUX (to-be-published);extra=already-present-in-reference_set-as-inactive-antagonist-mirror-with-finer-role;rcsb_record_quote=""crystal-structures-of-alpha2A-adrenergic-receptor-in-complex-with-antagonist-RSC"";sidecar_source=pending_curation_block_c_tier3.csv;merge_disposition=pending",,,,,,,,,,,,,,,replaced-with-fusion,,,BRIL,
ADRB1,inactive_neutral_antagonist,7BVQ,adrb1_human,human,inactive-neutral-antagonist,T4L,wt,0,,"{""3.50"":156,""3.51"":157,""5.58"":244,""6.30"":319,""6.34"":323,""7.53"":377}",,,,pdb_chain=A;ligand_ccd=CAU;ligand=carazolol;resolution=2.50;deposited=2020-04-11;activity_class=neutral_antagonist;dispatch_tier=tier3;prospective_candidate=false;training_cutoff_verified=NO;source=PMID:33093660 (Su 2020 Cell Res);extra=carazolol-well-characterized-beta-blocker-antagonist;reference_set_lists_as_inverse_agonist_but_RCSB_lists_as_antagonist_and_carazolol_is_pharmacologically_a_partial_inverse_agonist_at_beta1;sidecar-role-set-to-neutral_antagonist-conservative;full-length-icl3;sidecar_source=pending_curation_block_c_tier3.csv;merge_disposition=pending,,,,,,,,,,,,,,,full-length,,,T4L,
AGTR1,inactive_inverse_agonist,4ZUD,agtr1_human,human,inactive-inverse-agonist,BRIL,wt,0,,"{""3.50"":126,""3.51"":127,""5.58"":215,""6.30"":235,""6.34"":239,""7.53"":302}",,,,"pdb_chain=A;ligand_ccd=OLM;ligand=olmesartan;resolution=2.80;deposited=2015-05-15;activity_class=inverse_agonist;dispatch_tier=tier3;prospective_candidate=false;training_cutoff_verified=NO;source=PMID:26420482 (Zhang 2015 JBC);extra=already-present-in-reference_set-as-inactive-inverse-agonist-mirror-with-finer-role;rcsb_record_quote=""crystal-structure-of-human-AT1R-in-complex-with-inverse-agonist-olmesartan"";sidecar_source=pending_curation_block_c_tier3.csv;merge_disposition=pending",,,,,,,,,,,,,,,disordered-not-modeled,,,BRIL,
APJ,inactive_neutral_antagonist,NA,apj_human,human,none_available,,,,,"{""3.50"":127,""3.51"":128,""5.58"":221,""6.30"":243,""6.34"":247,""7.53"":309}",,,,"pdb_id=NA;role_specific=none_available;reason=no-clean-orthosteric-antagonist-crystal-in-PDB;reference_set_pick_8S4D_verified_via_RCSB_carries_CMF-019_which_RCSB_describes_as_G-protein-biased-agonist_not_antagonist;alternative_apj_structures_5VBL_agonist_ML221_6KNM_F13A_synthetic_partial_agonist_all_agonist_class;precedent=GLP1R-5VEW-drop-Block-C-Step-1.5;dispatch_tier=tier3;prospective_candidate=false;training_cutoff_verified=NO;source=RCSB:8S4D + PMID:39730334 (Ma 2024 Nat Commun);rcsb_record_quote=""Crystal-structure-of-a-peptidergic-GPCR-in-complex-with-a-small-synthetic-G-protein-biased-agonist"";sidecar_source=pending_curation_block_c_tier3.csv;merge_disposition=append_to_reference_set_named_exclusions.md",,,,,,,,,,,,,,,,,,,
B1B1U5,inactive_inverse_agonist,6I9K,b1b1u5_9arac,9arac,inactive-inverse-agonist,none,wt,0,,"{""3.50"":148,""3.51"":149,""5.58"":234,""6.30"":272,""6.34"":276,""7.53"":331}",,,,"pdb_chain=A;ligand_ccd=RET;ligand=9-cis-retinal;resolution=2.15;deposited=2018-11-23;activity_class=inverse_agonist;dispatch_tier=tier3;prospective_candidate=false;training_cutoff_verified=NO;source=PMID:31249143 (Varma 2019 PNAS);extra=already-present-in-reference_set-as-inactive-inverse-agonist-mirror-with-finer-role;species=non_human_9arac_jumping_spider_Hasarius_adansoni;retained_per_panel_of_record_pre_reg;non-canonical-bistable-rhodopsin-9-cis-retinal-is-covalent-inverse-agonist-analogous-to-11-cis-retinal-in-vertebrate-opsins;rcsb_record_quote=""protein-bound-to-inverse-agonist-9-cis-retinal"";sidecar_source=pending_curation_block_c_tier3.csv;merge_disposition=pending",,,,,,,,,,,,,,,disordered-not-modeled,,,,
CCKAR,inactive_neutral_antagonist,7F8Y,cckar_human,human,inactive-neutral-antagonist,T4L,wt,0,,"{""3.50"":139,""3.51"":140,""5.58"":229,""6.30"":308,""6.34"":312,""7.53"":370}",,,,"pdb_chain=A;ligand_ccd=1OZ;ligand=devazepide;resolution=2.50;deposited=2021-07-02;activity_class=neutral_antagonist;dispatch_tier=tier3;prospective_candidate=false;training_cutoff_verified=NO;source=PMID:34556863 (Ding 2022 Nat Chem Biol);extra=already-present-in-reference_set-as-inactive-antagonist-mirror-with-finer-role;rcsb_record_quote=""small-molecule-antagonist"";sidecar_source=pending_curation_block_c_tier3.csv;merge_disposition=pending",,,,,,,,,,,,,,,replaced-with-fusion,,,T4L,
CXCR2,inactive_neutral_antagonist,NA,cxcr2_human,human,none_available,,,,,"{""3.50"":144,""3.51"":145,""5.58"":231,""6.30"":246,""6.34"":250,""7.53"":314}",,,,"pdb_id=NA;role_specific=none_available;reason=6LFL-carries-intracellular-allosteric-antagonist-EBX-outside-chemokine-orthosteric-pocket-would-poison-ligand_rmsd_to_ref-for-orthosteric-antagonist-Tier4-panel;precedent=GLP1R-5VEW-drop-Block-C-Step-1.5-same-pattern-allosteric-antagonist-outside-orthosteric-peptide-pocket;alt_use_case=if_Tier4_panel_targets_intracellular_allosteric_small_molecules_6LFL_would_be_valid_reference_flag_for_coordinator_at_Tier4_dispatch;dispatch_tier=tier3;prospective_candidate=false;training_cutoff_verified=NO;source=PMID:32610344 (Liu 2020 Nature);rcsb_record_quote=""CXCR2-bound-to-designed-allosteric-antagonist"";sidecar_source=pending_curation_block_c_tier3.csv;merge_disposition=append_to_reference_set_named_exclusions.md",,,,,,,,,,,,,,,,,,,
CXCR4,inactive_neutral_antagonist,3ODU,cxcr4_human,human,inactive-neutral-antagonist,T4L,wt,0,,"{""3.50"":134,""3.51"":135,""5.58"":219,""6.30"":234,""6.34"":238,""7.53"":302}",,,,"pdb_chain=A;ligand_ccd=ITD;ligand=IT1t;resolution=2.50;deposited=2010-08-11;activity_class=neutral_antagonist;dispatch_tier=tier3;prospective_candidate=false;training_cutoff_verified=NO;source=PMID:20929726 (Wu 2010 Science);extra=already-present-in-reference_set-as-inactive-antagonist-mirror-with-finer-role;rcsb_record_quote=""small-molecule-antagonist-IT1t"";full-length-icl3;sidecar_source=pending_curation_block_c_tier3.csv;merge_disposition=pending",,,,,,,,,,,,,,,full-length,,,T4L,
EDNRA,inactive_neutral_antagonist,8XVK,ednra_human,human,inactive-neutral-antagonist,none,wt,0,,"{""3.50"":183,""3.51"":184,""5.58"":275,""6.30"":301,""6.34"":305,""7.53"":369}",,,,"pdb_chain=D;ligand_ccd=A1D5J;ligand=ambrisentan;resolution=3.21;deposited=2024-01-15;activity_class=neutral_antagonist;dispatch_tier=tier3;prospective_candidate=true;training_cutoff_verified=NO;source=PMID:39075075 (Nat Rev Drug Discov 2024);extra=post-AF3-cutoff-2021-09-30;post-Boltz1-Chai-cutoff-check-required;endoglucanase-H-BRIL-fusion-antibody-Fab-stabilised;rcsb_record_quote=""molecular-mechanisms-of-antagonist-selectivity"";sidecar_source=pending_curation_block_c_tier3.csv;merge_disposition=pending",,,,,,,,,,,,,,,replaced-with-fusion,,,BRIL,
EDNRB,inactive_neutral_antagonist,5X93,ednrb_human,human,inactive-neutral-antagonist,none,wt,0,,"{""3.50"":199,""3.51"":200,""5.58"":293,""6.30"":318,""6.34"":322,""7.53"":386}",,,,"pdb_chain=A;ligand_ccd=K87;ligand=K-8794 (bosentan-analog);resolution=2.20;deposited=2017-03-05;activity_class=neutral_antagonist;dispatch_tier=tier3;prospective_candidate=false;training_cutoff_verified=NO;source=PMID:28805809 (Shihoya 2017 Nat Struct Mol Biol);extra=REPLACED_reference_set_pick_6IGK_which_RCSB_shows_bound_to_endothelin-3_agonist_not_antagonist;rcsb_record_quote=""bosentan-sterically-prevents-the-inward-movement-of-transmembrane-helix-6-and-thus-exerts-its-antagonistic-activity"";flag=reference_set_csv_currently_lists_6IGK_as_inactive-antagonist_but_RCSB_shows_endothelin-3_agonist_recommend_reference_set_update_to_5X93;sidecar_source=pending_curation_block_c_tier3.csv;merge_disposition=pending",,,,,,,,,,,,,,,full-length,,,T4L,
FSHR,inactive_neutral_antagonist,NA,fshr_human,human,none_available,,,,,"{""3.50"":467,""3.51"":468,""5.58"":549,""6.30"":567,""6.34"":571,""7.53"":626}",,,,"pdb_id=NA;role_specific=none_available;reason=no-clean-orthosteric-antagonist-crystal-in-PDB;reference_set_pick_8I2H_verified_via_RCSB_carries_FSH-hormone-plus-compound-21f-a-PAM-that-DIRECTLY-ACTIVATES-FSHR-at-6.00A-resolution-both-classification-and-resolution-fail-antagonist-reference-criteria;precedent=GLP1R-5VEW-drop-Block-C-Step-1.5;dispatch_tier=tier3;prospective_candidate=false;training_cutoff_verified=NO;source=RCSB:8I2H + PMID:36720854 (Duan 2023 Nat Commun);rcsb_record_quote=""Compound-21f-formed-extensive-interactions-with-the-TMD-to-directly-activate-FSHR"";flag=reference_set_csv_currently_lists_8I2H_as_inactive-antagonist_but_RCSB_shows_PAM_activator_at_6A_resolution_recommend_reference_set_update_or_flag_inactive_row;sidecar_source=pending_curation_block_c_tier3.csv;merge_disposition=append_to_reference_set_named_exclusions.md",,,,,,,,,,,,,,,,,,,
GHSR,inactive_inverse_agonist,7F83,ghsr_human,human,inactive-inverse-agonist,BRIL,wt,0,,"{""3.50"":141,""3.51"":142,""5.58"":232,""6.30"":258,""6.34"":262,""7.53"":323}",,,,"pdb_chain=A;ligand_ccd=1KQ;ligand=PF-05190457;resolution=2.94;deposited=2021-07-01;activity_class=inverse_agonist;dispatch_tier=tier3;prospective_candidate=true;training_cutoff_verified=NO;source=PMID:35027551 (Liu 2022 Nat Commun);extra=near-AF3-cutoff-2021-09-30-deposited-before-cutoff-released-after-cutoff-flag;already-present-in-reference_set-as-inactive-inverse-agonist-mirror-with-finer-role;rcsb_record_quote=""bound-to-inverse-agonist-PF-05190457"";sidecar_source=pending_curation_block_c_tier3.csv;merge_disposition=pending",,,,,,,,,,,,,,,full-length,,,BRIL,
GRPR,inactive_neutral_antagonist,7W41,grpr_human,human,inactive-neutral-antagonist,none,wt,0,,"{""3.50"":138,""3.51"":139,""5.58"":230,""6.30"":259,""6.34"":263,""7.53"":322}",,,,"pdb_chain=A;ligand_ccd=8B8;ligand=PD176252;resolution=2.95;deposited=2021-11-26;activity_class=neutral_antagonist;dispatch_tier=tier3;prospective_candidate=true;training_cutoff_verified=NO;source=PMID:36724251 (Liu 2023 PNAS);extra=post-AF3-cutoff-2021-09-30-deposit-date-2021-11;already-present-in-reference_set-as-inactive-antagonist-mirror-with-finer-role;rcsb_record_quote=""inactive-state-crystal-structure-of-human-GRPR-in-complex-with-non-peptide-antagonist-PD176252"";sidecar_source=pending_curation_block_c_tier3.csv;merge_disposition=pending",,,,,,,,,,,,,,,fully-excised,,,,
HRH3,inactive_neutral_antagonist,7F61,hrh3_human,human,inactive-neutral-antagonist,BRIL,wt,0,,"{""3.50"":132,""3.51"":133,""5.58"":218,""6.30"":353,""6.34"":357,""7.53"":412}",,,,"pdb_chain=A;ligand_ccd=1IB;ligand=PF-03654746;resolution=2.60;deposited=2021-06-23;activity_class=neutral_antagonist;dispatch_tier=tier3;prospective_candidate=false;training_cutoff_verified=NO;source=PMID:36243875 (Peng 2022 Nat Commun);extra=near-AF3-cutoff-2021-09-30-deposited-before-cutoff;already-present-in-reference_set-as-inactive-antagonist-mirror-with-finer-role;allosteric-cholesterol-in-structure-but-primary-antagonist-is-orthosteric;rcsb_record_quote=""reveals-binding-modes-of-the-antagonist-and-allosteric-cholesterol"";sidecar_source=pending_curation_block_c_tier3.csv;merge_disposition=pending",,,,,,,,,,,,,,,disordered-not-modeled,,,BRIL,
LPAR1,inactive_neutral_antagonist,4Z36,lpar1_human,human,inactive-neutral-antagonist,BRIL,wt,0,,"{""3.50"":146,""3.51"":147,""5.58"":225,""6.30"":253,""6.34"":257,""7.53"":311}",,,,"pdb_chain=A;ligand_ccd=ON3;ligand=ONO-3080573;resolution=2.90;deposited=2015-03-30;activity_class=neutral_antagonist;dispatch_tier=tier3;prospective_candidate=false;training_cutoff_verified=NO;source=PMID:26091040 (Chrencik 2015 Cell);extra=already-present-in-reference_set-as-inactive-antagonist-mirror-with-finer-role;rcsb_record_quote=""LPA1-antagonist-ONO-3080573-binds"";sidecar_source=pending_curation_block_c_tier3.csv;merge_disposition=pending",,,,,,,,,,,,,,,replaced-with-fusion,,,BRIL,
LSHR,inactive_neutral_antagonist,NA,lshr_human,human,none_available,,,,,"{""3.50"":464,""3.51"":465,""5.58"":546,""6.30"":564,""6.34"":568,""7.53"":623}",,,,"pdb_id=NA;role_specific=none_available;reason=no-clean-orthosteric-antagonist-crystal-in-PDB;reference_set_pick_7FIJ_verified_via_RCSB_carries_chorionic-gonadotropin-CG-hormone-plus-Org43553-a-PAM-allosteric-agonist-at-3.80A;precedent=GLP1R-5VEW-drop-Block-C-Step-1.5;dispatch_tier=tier3;prospective_candidate=false;training_cutoff_verified=NO;source=RCSB:7FIJ + PMID:34552239 (Duan 2021 Nature);rcsb_record_quote=""Org43553-binds-to-a-pocket-of-the-transmembrane-domain-and-interacts-directly-with-P10-which-further-stabilizes-the-active-conformation"";flag=reference_set_csv_currently_lists_7FIJ_as_inactive-antagonist_but_RCSB_shows_hormone_plus_PAM_allosteric_agonist_recommend_reference_set_reclassification;sidecar_source=pending_curation_block_c_tier3.csv;merge_disposition=append_to_reference_set_named_exclusions.md",,,,,,,,,,,,,,,,,,,
LT4R1,inactive_neutral_antagonist,7K15,lt4r1_human,human,inactive-neutral-antagonist,none,wt,0,,"{""3.50"":115,""3.51"":116,""5.58"":201,""6.30"":216,""6.34"":220,""7.53"":285}",,,,"pdb_chain=A;ligand_ccd=VRJ;ligand=MK-D-046;resolution=2.88;deposited=2020-09-07;activity_class=neutral_antagonist;dispatch_tier=tier3;prospective_candidate=false;training_cutoff_verified=NO;source=PMID:34016973 (Michaelian 2021 Nat Commun);extra=already-present-in-reference_set-as-inactive-antagonist-mirror-with-finer-role;rcsb_record_quote=""selective-antagonist-MK-D-046"";sidecar_source=pending_curation_block_c_tier3.csv;merge_disposition=pending",,,,,,,,,,,,,,,full-length,,,,
MCHR1,inactive_neutral_antagonist,8YNS,mchr1_human,human,inactive-neutral-antagonist,none,wt,0,,"{""3.50"":210,""3.51"":211,""5.58"":297,""6.30"":320,""6.34"":324,""7.53"":380}",,,,"pdb_chain=A;ligand_ccd=A1D6T;ligand=SNAP-94847;resolution=3.33;deposited=2024-03-11;activity_class=neutral_antagonist;dispatch_tier=tier3;prospective_candidate=true;training_cutoff_verified=NO;source=PMID:39616153 (Cell Discov 2024);extra=post-AF3-cutoff-2021-09-30;anti-BRIL-Fab-1B3-plus-glue-molecule-4-9-stabilised;rcsb_record_quote=""antagonism-of-melanin-concentrating-hormone-receptor-MCHR1"";sidecar_source=pending_curation_block_c_tier3.csv;merge_disposition=pending",,,,,,,,,,,,,,,replaced-with-fusion,,,BRIL,
NPY2R,inactive_neutral_antagonist,7DDZ,npy2r_human,human,inactive-neutral-antagonist,T4L,wt,0,,"{""3.50"":148,""3.51"":149,""5.58"":239,""6.30"":263,""6.34"":267,""7.53"":325}",,,,"pdb_chain=A;ligand_ccd=H46;ligand=JNJ-31020028;resolution=2.80;deposited=2020-10-30;activity_class=neutral_antagonist;dispatch_tier=tier3;prospective_candidate=false;training_cutoff_verified=NO;source=PMID:33531491 (Tang 2021 Nat Commun);extra=already-present-in-reference_set-as-inactive-antagonist-mirror-with-finer-role;rcsb_record_quote=""selective-antagonist"";sidecar_source=pending_curation_block_c_tier3.csv;merge_disposition=pending",,,,,,,,,,,,,,,full-length,,,T4L,
OPRX,inactive_neutral_antagonist,5DHH,oprx_human,human,inactive-neutral-antagonist,BRIL,wt,0,,"{""3.50"":148,""3.51"":149,""5.58"":235,""6.30"":258,""6.34"":262,""7.53"":319}",,,,"pdb_chain=A;ligand_ccd=DGW;ligand=SB-612111;resolution=3.00;deposited=2015-08-31;activity_class=neutral_antagonist;dispatch_tier=tier3;prospective_candidate=false;training_cutoff_verified=NO;source=PMID:26526853 (Miller 2015 Structure);extra=already-present-in-reference_set-as-inactive-antagonist-mirror-with-finer-role;rcsb_record_quote=""Antagonist"";sidecar_source=pending_curation_block_c_tier3.csv;merge_disposition=pending",,,,,,,,,,,,,,,full-length,,,BRIL,
OPSD,inactive_inverse_agonist,1U19,opsd_bovin,bovin,inactive-inverse-agonist,none,wt,0,,"{""3.50"":135,""3.51"":136,""5.58"":223,""6.30"":247,""6.34"":251,""7.53"":306}",,,,"pdb_chain=A;ligand_ccd=RET;ligand=11-cis-retinal (covalent Schiff-base K7.43);resolution=2.20;deposited=2004-07-15;activity_class=inverse_agonist;dispatch_tier=tier3;prospective_candidate=false;training_cutoff_verified=NO;source=PMID:15327956 (Okada 2004 JMB);extra=REPLACED_reference_set_pick_7ZBC_which_carries_all-trans-retinal-at-1ps-post-photoactivation-an-activation-intermediate-not-dark-state;canonical-dark-state-bovine-rhodopsin-with-11-cis-retinal-covalent-inverse-agonist;rcsb_record_quote=""configuration-about-the-C6-C7-single-bond-of-the-11-cis-retinal-Schiff-base"";flag=reference_set_csv_currently_lists_7ZBC_as_inactive-inverse-agonist_but_7ZBC_is_photoactivation_intermediate_recommend_reference_set_swap_to_1U19;sidecar_source=pending_curation_block_c_tier3.csv;merge_disposition=pending",,,,,,,,,,,,,,,full-length,,,,
5HT1B,inactive_neutral_antagonist,NA,5ht1b_human,human,none_available,,,,,"{""3.50"":147,""3.51"":148,""5.58"":228,""6.30"":309,""6.34"":313,""7.53"":369}",,,,"pdb_id=NA;role_specific=none_available;reason=no-clean-orthosteric-antagonist-crystal-in-PDB-all-inactive-side-5HT1B-crystals-4IAR-4IAQ-5V54-6G79-7C61-bound-to-ergotamine-or-ergot-alkaloid-which-are-partial-agonists-at-5HT1B-not-antagonists;precedent=already-documented-in-refs/reference_set_named_exclusions.md-Block-C-Step-3.3-option-c;dispatch_tier=tier3;prospective_candidate=false;training_cutoff_verified=NO;source=refs/reference_set_named_exclusions.md + RCSB:4IAR + PMID:23519210 (Wang 2013 Science);rcsb_record_quote_for_4IAR=""ergotamine-as-an-agonist-antimigraine-medication"";sidecar_source=pending_curation_block_c_tier3.csv;merge_disposition=already_documented_in_exclusions.md",,,,,,,,,,,,,,,,,,,
