receptor_slug,arm,backbone,pif_d_5_50_3_40_ca,pif_d_3_40_6_44_ca,pif_sum_ca,npxxy_median,tilt_median,tip_median,cell_active,cell_engaged_20,cell_engaged_but_inactive
5HT1B,apo,boltz,7.39415491358546,7.970792428698668,15.364947342284127,12.885061502107819,13.375884789740208,,False,False,False
5HT1B,apo,chai,7.490349925070258,8.24172215013343,15.732072075203687,13.422839927841732,14.996430953009927,,False,False,False
5HT1B,apo,of3,7.090975421064653,8.142593064094974,15.233568485159626,6.716957146222006,13.457294984460002,,False,False,False
5HT1B,apo,protenix,7.249880537571012,8.059882102413443,15.309762639984456,5.550786109697116,14.440691800353875,,False,False,False
5HT1B,cognate,boltz,7.315983662440751,8.36864152522379,15.68462518766454,4.691069697046904,17.861786816339567,12.939463286479548,True,True,False
5HT1B,cognate,chai,7.302805830637976,8.52334376873302,15.826149599370996,3.674911349407014,18.40319681273594,13.180966693366695,True,True,False
5HT1B,cognate,of3,7.087183012681044,8.413849718541519,15.501032731222562,3.9328726234053653,18.191926951083673,13.172411079118703,True,True,False
5HT1B,cognate,protenix,7.240024329441058,8.558723059470845,15.798747388911902,3.8238121838986494,18.24249704501546,12.940987500936721,True,True,False
5HT1B,decoy,boltz,7.29541329459819,8.009362119682192,15.304775414280382,12.703066835229908,14.320354541929978,28.80181125184066,False,False,False
5HT1B,decoy,chai,7.114879268125356,8.14944501177841,15.264324279903764,13.328715633022755,15.31996754620187,16.172340389394932,False,True,True
5HT1B,decoy,of3,7.159606208341507,8.37412776965679,15.533733977998295,3.8231022746861427,17.49046249882739,19.350707088766207,True,True,False
5HT1B,decoy,protenix,7.234972916446957,8.52106251603014,15.756035432477098,3.851347504414937,17.81288555583852,18.37365014237504,True,True,False
5HT1B,shuffled,boltz,7.261088551505208,8.450204838872251,15.71129339037746,4.199092843839917,18.05414466860288,14.035809828220204,True,True,False
5HT1B,shuffled,chai,7.180161627707276,8.55620301301927,15.736364640726546,3.6546510918737223,18.20463493090986,13.769315305812137,True,True,False
5HT1B,shuffled,of3,7.201220763523048,8.384055888840864,15.585276652363913,3.9807875987572032,18.318867299676576,13.872872318130593,True,True,False
5HT1B,shuffled,protenix,7.314264825687062,8.477682700893793,15.791947526580856,3.834604766253878,18.361606609264694,13.710972291521806,True,True,False
5HT2C,apo,boltz,7.163703973252943,8.834702164312048,15.998406137564992,12.162361559756754,14.115092728225768,,False,False,False
5HT2C,apo,chai,6.885775845901462,8.303631675357476,15.18940752125894,13.827992676364298,13.284692323984636,,False,False,False
5HT2C,apo,of3,7.121518044113598,8.30105344198771,15.422571486101308,14.216560008413893,13.415197905336555,,False,False,False
5HT2C,apo,protenix,6.708020008350643,8.105099078751698,14.81311908710234,13.019348413775859,12.59417421802204,,False,False,False
5HT2C,cognate,boltz,7.243782531654301,8.973011546398455,16.216794078052757,12.22553006141281,16.949426630834267,12.789588931517045,False,True,True
5HT2C,cognate,chai,7.051345970805858,9.060415332643425,16.11176130344928,11.50884187364082,17.11191357316401,12.725610963830118,False,True,True
5HT2C,cognate,of3,7.287253588982989,8.597261196517023,15.884514785500013,4.057703207223648,17.15714909836703,12.743825897458109,True,True,False
5HT2C,cognate,protenix,7.317040513995097,8.719591678512469,16.036632192507565,12.008614620610855,17.000079021547585,12.861180223377712,False,True,True
5HT2C,decoy,boltz,7.1107110459222005,8.50638823551453,15.61709928143673,11.915489830328603,14.144858978456607,21.68515835971045,False,False,False
5HT2C,decoy,chai,7.177308339482148,8.692206624327335,15.869514963809484,11.498721831452922,16.50798712452628,10.727100565621663,False,True,True
5HT2C,decoy,of3,7.416983262472015,8.029340709696339,15.446323972168354,13.54384057475476,15.72521909725854,20.488625622614105,False,False,False
5HT2C,decoy,protenix,6.788285668770523,8.065287425732043,14.853573094502565,12.946898336643056,12.610896444246407,31.473354274002563,False,False,False
5HT2C,shuffled,boltz,7.302311658173734,8.75111086343328,16.05342252160701,12.218076465769588,17.101973349206244,12.843949683502355,False,True,True
5HT2C,shuffled,chai,7.073259008406239,8.650666795108918,15.723925803515158,11.643800084640462,17.38046170967763,13.32783168103555,False,True,True
5HT2C,shuffled,of3,7.232597223651711,8.595867035337728,15.828464258989438,12.710786032374578,17.343504290406287,12.926988855895873,False,True,True
5HT2C,shuffled,protenix,7.342317517759815,8.661274175572624,16.00359169333244,12.178340716311986,17.2112807540344,12.874077849659525,False,True,True
5HT5A,apo,boltz,7.14142189160534,7.7476889002592255,14.889110791864566,17.941830159700707,13.10153416161841,,False,False,False
5HT5A,apo,chai,7.15775474572858,8.47575282792036,15.63350757364894,14.006759874951623,16.08250024203491,,False,False,False
5HT5A,apo,of3,7.155005062804013,7.934702432623117,15.08970749542713,13.609591518570141,13.516871675265097,,False,False,False
5HT5A,apo,protenix,7.273820479923926,7.643980188352516,14.917800668276442,16.761034709694492,13.633678485540452,,False,False,False
5HT5A,cognate,boltz,7.278957077548955,8.34134163791413,15.620298715463086,3.554794165524134,18.600956714633604,12.885916024920773,True,True,False
5HT5A,cognate,chai,7.0934007358953,8.67802673422939,15.771427470124689,3.336646589293786,18.83568155136757,13.107802910932168,True,True,False
5HT5A,cognate,of3,7.037931350958118,8.53043747386276,15.568368824820878,3.910868054336166,18.046169812121658,12.594212369360921,True,True,False
5HT5A,cognate,protenix,7.195520991859729,8.57694059115902,15.77246158301875,4.141215863099168,18.163296329127746,12.694972467525213,True,True,False
5HT5A,decoy,boltz,7.217168005533749,8.296267854408994,15.513435859942742,3.5266051809069543,17.756152868812983,8.744906507218346,True,True,False
5HT5A,decoy,chai,7.139801467828081,8.56210739245894,15.70190886028702,3.4749335208915375,18.599430353271266,10.51866279563028,True,True,False
5HT5A,decoy,of3,7.118981410427155,8.31293661043143,15.431918020858586,12.639511582160832,15.93195344119136,8.973117160770231,False,True,True
5HT5A,decoy,protenix,7.209378070181313,8.731862813681593,15.941240883862909,4.267332563300727,17.830525613868943,11.594355592741096,True,True,False
5HT5A,shuffled,boltz,7.243291735454261,8.194563484243686,15.437855219697948,3.6738236270543068,18.613927087612304,13.72451648354826,True,True,False
5HT5A,shuffled,chai,7.370472237245047,8.479842333439933,15.85031457068498,3.238977013947238,18.98334998282761,14.041834726356026,True,True,False
5HT5A,shuffled,of3,7.078032507367072,8.547717742168622,15.625750249535695,3.866958289472044,17.994078385239796,13.294855216257087,True,True,False
5HT5A,shuffled,protenix,7.185655833921334,8.505666523485484,15.691322357406818,3.8339517464171715,18.528748058910075,13.520820089066984,True,True,False
AA1R,apo,boltz,7.233315279628007,8.535062740214626,15.768378019842633,9.707969355722945,12.109314437600409,,False,False,False
AA1R,apo,chai,7.278188098695994,8.486357699272403,15.764545797968395,9.40785993235556,12.18193018991606,,False,False,False
AA1R,apo,of3,7.393341899156745,8.477427496534569,15.870769395691314,9.135880583545624,11.979684517392538,,False,False,False
AA1R,apo,protenix,7.232806394367659,8.569612640770133,15.802419035137792,9.011228833392757,12.173229102773805,,False,False,False
AA1R,cognate,boltz,7.497224287568033,9.008152757397044,16.50537704496508,4.756510089471249,17.95574466688509,12.306445961835436,True,True,False
AA1R,cognate,chai,7.180492044421467,8.411633967309799,15.592126011731263,11.051822205645347,12.585000185819247,13.854703533950387,False,True,True
AA1R,cognate,of3,7.420414321229186,8.38864056625757,15.809054887486756,9.328193383813822,12.23829156995117,13.696274763672061,False,True,True
AA1R,cognate,protenix,7.524773170278889,8.771817990651202,16.29659116093009,4.077292118479899,17.767094560675332,11.775264270830888,True,True,False
AA1R,decoy,boltz,7.211419250092176,8.550846630924916,15.762265881017091,9.807330177598313,12.163995251793317,17.973536053269388,False,True,True
AA1R,decoy,chai,7.182690999896905,8.58814333834735,15.770834338244256,9.415547931983753,12.22187101501896,13.484884245488448,False,True,True
AA1R,decoy,of3,7.335537686404349,8.34075359253416,15.676291278938509,9.411950018416544,12.077455106586942,19.06211484259638,False,True,True
AA1R,decoy,protenix,7.250068693312223,8.60716957697897,15.857238270291194,9.015244607934413,12.282487080338985,19.35398869858539,False,True,True
AA1R,shuffled,boltz,7.2588027367466035,8.594584765496238,15.853387502242844,9.627768455344011,12.041350366286732,21.476739312116344,False,False,False
AA1R,shuffled,chai,7.460867308832131,8.694483365905072,16.155350674737203,4.224731793003366,18.10363277285503,17.118494419056,True,True,False
AA1R,shuffled,of3,7.598508692172784,8.65956433493715,16.258073027109933,9.16727560141565,15.000153065928705,8.563438625816223,False,True,True
AA1R,shuffled,protenix,7.556544277570998,8.75496749164913,16.311511769220125,4.153152970165152,17.94757375863846,12.91624263444347,True,True,False
AA2AR,apo,boltz,7.063792740624544,8.843459030232458,15.907251770857002,9.657049562305588,11.847020407613957,,False,False,False
AA2AR,apo,chai,7.044683527313345,8.603925499445007,15.64860902675835,9.487460549305286,12.127259047257933,,False,False,False
AA2AR,apo,of3,7.057963041194053,8.659690053061516,15.717653094255567,9.122645428517242,11.961379255375343,,False,False,False
AA2AR,apo,protenix,7.121916868873597,8.674162636379343,15.79607950525294,9.320902372988817,11.91546085213201,,False,False,False
AA2AR,cognate,boltz,7.517378843267115,8.94289943490924,16.460278278176354,4.051704251561919,18.059096329968817,14.659078286926825,True,True,False
AA2AR,cognate,chai,7.396797009517026,9.047150435358086,16.44394744487511,3.8181778366329815,18.027504969804326,14.357287596829364,True,True,False
AA2AR,cognate,of3,7.250597548696492,8.96726211245997,16.21785966115646,8.230267086828423,18.340275452273747,14.151416246142912,True,True,False
AA2AR,cognate,protenix,7.6229898538338015,8.94738100336274,16.57037085719654,3.638111706640971,17.985421944392336,14.227228173151623,True,True,False
AA2AR,decoy,boltz,7.163773217474154,8.500913974614727,15.66468719208888,8.816647100755272,12.578366573474677,16.888348261568908,False,True,True
AA2AR,decoy,chai,7.168500052312199,8.99651738174278,16.16501743405498,4.405120963268832,16.608078524114475,17.43783163856461,True,True,False
AA2AR,decoy,of3,7.111683762542208,9.10269960700726,16.214383369549466,8.92770158468396,17.251239028393705,16.952116347773284,True,True,False
AA2AR,decoy,protenix,7.487273967029205,9.085351933080648,16.572625900109855,3.754372126597972,17.794695680939167,15.907672779647733,True,True,False
AA2AR,shuffled,boltz,6.996839855691997,8.520699565886595,15.517539421578592,8.343567356039458,12.99089056209122,12.110493837838938,False,True,True
AA2AR,shuffled,chai,7.429264566563773,8.982222052476772,16.411486619040545,3.895664528226436,17.992360101096306,13.325164858812967,True,True,False
AA2AR,shuffled,of3,7.369496830637472,9.004887575284119,16.37438440592159,7.718651080560836,18.604090513615166,13.527276479633436,True,True,False
AA2AR,shuffled,protenix,7.447056638821612,9.181137838899762,16.628194477721372,3.747617152585354,18.127243314790366,13.235808328328163,True,True,False
ACM1,apo,boltz,7.1504291228499,8.426193637580376,15.576622760430276,16.328063105669553,12.446910632956468,,False,False,False
ACM1,apo,chai,7.356701774572624,8.90198635137125,16.258688125943873,18.383039481180564,12.933298292233793,,False,False,False
ACM1,apo,of3,7.4120602625492,8.843066035026046,16.255126297575245,10.671392558462681,13.167690931990498,,False,False,False
ACM1,apo,protenix,7.389729626467537,8.866065537494002,16.25579516396154,15.231267540771533,12.284578508066037,,False,False,False
ACM1,cognate,boltz,7.452451711202161,9.08181939023784,16.53427110144,3.7959989718719447,17.539530165436865,13.217493609380671,True,True,False
ACM1,cognate,chai,7.377068930137498,9.490978084475802,16.8680470146133,3.9755392945921875,17.606648825753084,13.35813397544947,True,True,False
ACM1,cognate,of3,7.511589741992437,9.009163073707514,16.52075281569995,10.448108672953333,16.131921200756594,13.343874906631253,False,True,True
ACM1,cognate,protenix,7.641636008157088,9.086505216822196,16.728141224979282,3.7675623744220044,17.816404260051577,13.468759045609685,True,True,False
ACM1,decoy,boltz,7.322710003714472,8.960995824906961,16.283705828621432,12.54517233029074,16.24705627820905,14.515592414996723,False,True,True
ACM1,decoy,chai,7.539692898255208,9.769643186933695,17.309336085188903,3.949095550007189,16.802064802361883,15.120385832969387,True,True,False
ACM1,decoy,of3,7.722111515513096,8.846060013821734,16.56817152933483,10.839743211471959,14.941210127951,11.562385637577258,False,True,True
ACM1,decoy,protenix,7.591276888678085,9.037834502953071,16.62911139163116,4.131219482479388,16.94827644359117,14.335593265606267,True,True,False
ACM1,shuffled,boltz,7.419628467288643,9.08111577224407,16.500744239532715,3.8625806591509173,17.528758057809668,13.432034252488343,True,True,False
ACM1,shuffled,chai,7.572316290277368,9.615026781033947,17.187343071311314,3.798829642948016,18.191415790253018,13.801253122524347,True,True,False
ACM1,shuffled,of3,7.366328176289325,8.854996078612853,16.22132425490218,10.407273507749055,15.861916010060366,11.016873668222006,False,True,True
ACM1,shuffled,protenix,7.502909588832721,8.819582880797006,16.322492469629726,3.7877634879411075,17.859530221671193,13.520167274683839,True,True,False
ACM2,apo,boltz,7.589604336070491,8.677983825434337,16.26758816150483,5.409513744498856,16.28417910324019,,True,False,False
ACM2,apo,chai,7.447977779236456,8.716435108460338,16.164412887696795,19.075611576784645,14.018066839640422,,False,False,False
ACM2,apo,of3,7.419023564010504,8.870844228653583,16.289867792664086,10.889621759657896,13.553426017473749,,False,False,False
ACM2,apo,protenix,7.428450781085071,8.62648424340526,16.05493502449033,10.820207893730698,11.618124676562582,,False,False,False
ACM2,cognate,boltz,7.453300145452348,8.870827645772405,16.324127791224754,4.015596073764616,17.405875039660387,11.867899003641842,True,True,False
ACM2,cognate,chai,7.430141317633199,9.35572477149686,16.78586608913006,4.188057592081929,17.5234659747453,11.803631576146469,True,True,False
ACM2,cognate,of3,7.40173683775499,8.969066657070579,16.37080349482557,4.204958324169057,17.674479132839156,11.784165756350951,True,True,False
ACM2,cognate,protenix,7.591192430029308,9.076802200827156,16.667994630856462,4.065967229777906,17.689555093811148,11.828994671594813,True,True,False
ACM2,decoy,boltz,7.645965190647941,8.896447569698816,16.542412760346757,3.378948129120646,16.38391743626852,6.865741414253845,True,True,False
ACM2,decoy,chai,7.44259941149596,8.978705084810393,16.421304496306355,4.597122068093562,17.514940054713882,15.604877301515227,True,True,False
ACM2,decoy,of3,7.517317787344346,8.353915838610972,15.871233625955318,14.293694093552176,14.756189348505211,8.870824790731621,False,True,True
ACM2,decoy,protenix,7.415807845204594,8.646879524965003,16.0626873701696,10.728475083833963,11.746834406910263,7.355896269619805,False,True,True
ACM2,shuffled,boltz,7.457322030367202,8.931881304568485,16.389203334935686,4.1562336651999665,17.748214003267073,12.825123454157048,True,True,False
ACM2,shuffled,chai,7.469990227570582,8.972314361411998,16.44230458898258,4.087687194315766,18.106260151596068,13.733781895211429,True,True,False
ACM2,shuffled,of3,7.50503245968576,8.835635373720265,16.340667833406027,4.340207554587595,17.74916990722231,12.451389604138189,True,True,False
ACM2,shuffled,protenix,7.578591358419385,8.95721241700625,16.535803775425634,4.075549116131152,18.05918763357939,12.916747596949993,True,True,False
ACM4,apo,boltz,7.453760593525928,8.796332385653693,16.25009297917962,16.107412038040255,11.714016852136336,,False,False,False
ACM4,apo,chai,7.3835244971490415,8.928665913785778,16.312190410934818,18.931818853183564,14.009795782351574,,False,False,False
ACM4,apo,of3,7.378560349222688,8.838562244425086,16.217122593647773,10.907421036160507,11.329005924022848,,False,False,False
ACM4,apo,protenix,7.397332597165216,8.74129230930772,16.138624906472938,10.850990565023295,11.584641598107511,,False,False,False
ACM4,cognate,boltz,7.431880082785244,9.337095376127415,16.76897545891266,3.8717445757467344,17.155182895530835,11.852805075638809,True,True,False
ACM4,cognate,chai,7.551158123096086,9.71690506282736,17.268063185923445,3.845517469454337,17.723564614577498,11.938335200031556,True,True,False
ACM4,cognate,of3,7.418504538767163,9.92373026849435,17.342234807261512,4.169756537684798,17.416562214586488,12.060710491112136,True,True,False
ACM4,cognate,protenix,7.626516988673139,8.969659209280366,16.596176197953504,3.926441187615632,17.61839748798145,11.986812030582012,True,True,False
ACM4,decoy,boltz,7.421825715839736,9.34417442124236,16.766000137082095,3.836298037802588,17.1361106703397,12.855082320100099,True,True,False
ACM4,decoy,chai,7.459775532815984,9.604825922420458,17.064601455236442,3.735949717887171,17.54438455244992,12.327506450350512,True,True,False
ACM4,decoy,of3,7.573871612126347,8.774721030979764,16.34859264310611,11.064774709536271,15.697027406767896,13.601399796167023,False,True,True
ACM4,decoy,protenix,7.602599297524038,8.959240865499767,16.561840163023806,3.8330160953426873,17.52522829537756,12.931605551479382,True,True,False
ACM4,shuffled,boltz,7.309173156417899,9.02670756759628,16.33588072401418,3.8384905775627596,17.249699438964498,13.435318589710072,True,True,False
ACM4,shuffled,chai,7.398162339392128,9.375666482976024,16.773828822368152,3.7610464568987787,17.961665837654706,13.450622046183263,True,True,False
ACM4,shuffled,of3,7.33886065171365,9.07338132673228,16.41224197844593,11.931724823926604,10.883764904718962,14.226619978747834,False,True,True
ACM4,shuffled,protenix,7.622512082039747,8.962209796980261,16.58472187902001,3.846750528985706,17.762426049504953,12.93806030976855,True,True,False
ADA2A,apo,boltz,6.588460023784011,8.356129661811142,14.944589685595153,10.349686052350107,11.50432996159832,,False,False,False
ADA2A,apo,chai,6.946445206002851,8.790681088516408,15.73712629451926,4.176617224556377,18.571334181316406,,True,False,False
ADA2A,apo,of3,6.872624700543454,8.358150029868874,15.230774730412328,10.0925597666186,12.250251736405602,,False,False,False
ADA2A,apo,protenix,6.759148740990189,7.968127422716229,14.727276163706415,10.02023085680883,11.949288922606602,,False,False,False
ADA2A,cognate,boltz,7.184236365578461,8.73434884321665,15.918585208795111,3.991841287883787,18.666827794138705,13.382531530409535,True,True,False
ADA2A,cognate,chai,7.094195726084811,8.968643208423446,16.062838934508257,4.335204692707567,18.83614093811888,12.0397087587944,True,True,False
ADA2A,cognate,of3,7.209040350765905,8.670510970599738,15.879551321365645,4.104674967162214,18.755020198443294,13.072869115566153,True,True,False
ADA2A,cognate,protenix,7.244235488386749,8.591164096880856,15.835399585267606,4.1078715035481554,18.508656833370587,12.51075795857531,True,True,False
ADA2A,decoy,boltz,7.217896700008943,8.437511752910332,15.655408452919277,7.632536783752341,18.60726890567943,26.388725789279047,True,False,False
ADA2A,decoy,chai,7.123110065133067,8.725256099393299,15.848366164526366,4.315049185566649,18.66065911376611,18.791299015349477,True,True,False
ADA2A,decoy,of3,6.692891526995636,7.828038133903235,14.520929660898872,10.634699962556354,12.211008380238486,29.059763985396707,False,False,False
ADA2A,decoy,protenix,6.889107931881601,8.125932559642747,15.01504049152435,9.966980089547809,11.985448816497541,25.6892972685214,False,False,False
ADA2A,shuffled,boltz,7.0959252420597,8.5123929368069,15.6083181788666,4.139938305285879,18.604900402928934,13.657846271271945,True,True,False
ADA2A,shuffled,chai,7.130913686197583,8.744773639151559,15.87568732534914,4.323459425779719,19.080801478472885,13.52216081229692,True,True,False
ADA2A,shuffled,of3,6.976484851179424,8.540212254846248,15.51669710602567,9.01124622864289,18.30659571943841,13.733908833813807,True,True,False
ADA2A,shuffled,protenix,7.271640309433989,8.542398891460559,15.814039200894548,4.067652056482476,18.698279990938165,13.54638670642415,True,True,False
ADRB1,apo,boltz,6.316509535764194,7.760261212678346,14.07677074844254,11.365318285251485,11.717837804739297,,False,False,False
ADRB1,apo,chai,6.919524911437201,8.846007630564197,15.7655325420014,4.254699260811419,18.554976561514515,,True,False,False
ADRB1,apo,of3,6.846939656427669,8.7875768593691,15.634516515796768,9.186865654141602,12.467563242922914,,False,False,False
ADRB1,apo,protenix,6.596119550738992,8.113378823922124,14.709498374661116,10.741005892978947,11.82143920220459,,False,False,False
ADRB1,cognate,boltz,6.856631743881247,8.599482125884093,15.45611386976534,4.020507901068601,17.901153969018587,13.682907397834288,True,True,False
ADRB1,cognate,chai,6.970127258522616,8.768913729761517,15.739040988284131,4.1507348739462415,18.183106529925407,13.860531680899012,True,True,False
ADRB1,cognate,of3,7.020361660569971,8.4876439915506,15.50800565212057,4.32931526805481,18.044486298100118,13.422901102502752,True,True,False
ADRB1,cognate,protenix,7.102562815841125,8.655829445798593,15.75839226163972,4.12690954701243,18.10655144968103,13.331028466372043,True,True,False
ADRB1,decoy,boltz,6.780109206001037,8.624312042487794,15.40442124848883,3.901736932932755,18.002022522404992,12.704805715428101,True,True,False
ADRB1,decoy,chai,6.882099534299108,8.777549202368508,15.659648736667616,4.337794944618896,18.225800778649436,11.924375705854011,True,True,False
ADRB1,decoy,of3,7.366695653411304,8.62582730629364,15.992522959704944,9.633841838294233,15.928976713598583,8.822605043747629,False,True,True
ADRB1,decoy,protenix,7.123940375990491,8.742215157716897,15.866155533707389,4.162544507994358,17.967221669655842,12.720417778923707,True,True,False
ADRB1,shuffled,boltz,6.741797239238213,8.68502485973414,15.426822098972352,3.808615214109288,18.39546752954592,13.166043943099535,True,True,False
ADRB1,shuffled,chai,6.907874781725564,8.725796296040837,15.6336710777664,4.176955805686152,18.40050097117615,13.70870134820489,True,True,False
ADRB1,shuffled,of3,6.962654402357137,8.570294301266163,15.5329487036233,7.4001558675563075,17.7653267871233,12.994640204853429,True,True,False
ADRB1,shuffled,protenix,7.034899190432085,8.661659208409827,15.696558398841912,4.124866047392674,18.14605401321809,13.124699868531929,True,True,False
ADRB2,apo,boltz,6.188688883713577,7.814723679331214,14.00341256304479,11.75921839234241,11.806820378959719,,False,False,False
ADRB2,apo,chai,6.873875326189733,8.631579751123198,15.50545507731293,4.397723054901662,18.543642813935485,,True,False,False
ADRB2,apo,of3,6.838967908013903,8.489223100505725,15.328191008519628,9.233056011484297,12.427254414250113,,False,False,False
ADRB2,apo,protenix,6.552886771179289,8.075078340012736,14.627965111192026,10.666250555519357,11.818088200589944,,False,False,False
ADRB2,cognate,boltz,6.818884138339645,8.567554323732065,15.386438462071707,4.1815467247356555,18.017298440036683,13.811908631740131,True,True,False
ADRB2,cognate,chai,6.991393637895093,8.651499812171298,15.642893450066392,4.252310898807211,18.505086579102134,14.090463856563744,True,True,False
ADRB2,cognate,of3,7.033235282060809,8.347787751028106,15.381023033088915,7.539427295818642,17.951015868846117,13.478400223340069,True,True,False
ADRB2,cognate,protenix,7.081002264607917,8.61475055545913,15.695752820067046,4.096426975664805,18.107535069620784,13.446537873589971,True,True,False
ADRB2,decoy,boltz,6.851469718987306,8.33679016021754,15.188259879204846,4.313702343164378,18.09217375627921,11.042530836191027,True,True,False
ADRB2,decoy,chai,6.9191849953589175,8.488229202843193,15.407414198202112,4.164322351709529,18.452454513867167,13.018552047517778,True,True,False
ADRB2,decoy,of3,6.931173741221532,8.402941556134802,15.334115297356334,9.032234345651258,16.164864818872626,9.517850544865606,True,True,False
ADRB2,decoy,protenix,7.011816077934649,8.560486351070027,15.572302429004676,4.2026084830225825,17.966026741569436,11.518921491652101,True,True,False
ADRB2,shuffled,boltz,6.757504021619225,8.577053222814932,15.334557244434157,4.1349840826655475,18.202892524108993,13.034835700310396,True,True,False
ADRB2,shuffled,chai,6.91074974224939,8.765859912182034,15.676609654431424,4.228153115194508,18.476350068298835,13.81725431394823,True,True,False
ADRB2,shuffled,of3,6.942742113497036,8.427476517125692,15.370218630622729,7.341712320661852,17.638002508962508,12.140876890998967,True,True,False
ADRB2,shuffled,protenix,7.036976527952217,8.52241172744955,15.559388255401768,4.094642679490106,18.09654011053937,13.079931102509464,True,True,False
AGTR1,apo,boltz,6.695880096283087,9.14126686523263,15.837146961515716,3.781616407636536,19.02104557720741,,True,False,False
AGTR1,apo,chai,6.739566009766505,8.939347235676662,15.678913245443166,4.54882957242903,19.09452333132387,,True,False,False
AGTR1,apo,of3,6.628112764217354,8.367544350338726,14.99565711455608,10.96605393034731,11.59361238448837,,False,False,False
AGTR1,apo,protenix,6.728166474580662,8.26378747448897,14.991953949069632,10.683389072815332,11.271482213763866,,False,False,False
AGTR1,cognate,boltz,6.7927688737068035,9.031901398874991,15.824670272581796,4.486523584799421,18.90624469798405,12.365375323004642,True,True,False
AGTR1,cognate,chai,6.8012120978543225,8.931513253642969,15.73272535149729,4.508877373535145,18.820713616848675,12.891918772238917,True,True,False
AGTR1,cognate,of3,6.8453207568385785,9.244139132214793,16.089459889053373,4.773139806660513,18.311715490460163,13.179687194469608,True,True,False
AGTR1,cognate,protenix,6.875474471463529,9.347640379312097,16.223114850775623,3.9299367677104,18.11160948130151,13.110296447085862,True,True,False
AGTR1,decoy,boltz,6.717071089053622,9.070586238992494,15.787657328046116,4.221395118529369,19.02799718972379,9.02504340128116,True,True,False
AGTR1,decoy,chai,6.798059134782516,9.112198636992062,15.910257771774578,4.583424471121111,19.064289114868863,9.780616203917482,True,True,False
AGTR1,decoy,of3,6.597244048889474,8.18341560665483,14.780659655544303,10.652477518628153,11.60864878287816,12.182434828348395,False,True,True
AGTR1,decoy,protenix,6.80397606036759,9.227986949862736,16.031963010230328,3.317105339210241,18.474738317795044,11.637344802186359,True,True,False
AGTR1,shuffled,boltz,6.789629506666766,9.031955380874066,15.821584887540832,4.113632360178432,19.397676473319606,13.642549250475014,True,True,False
AGTR1,shuffled,chai,6.674994082394382,8.817393095467617,15.492387177862,4.61302192818712,19.239547362237417,14.273463724642626,True,True,False
AGTR1,shuffled,of3,6.7965705656711615,9.136014074964544,15.932584640635708,4.7998641731834955,18.760690747008525,12.886391432506533,True,True,False
AGTR1,shuffled,protenix,6.855002138663686,9.247922897315531,16.10292503597922,3.7792355070013643,18.9046843758492,13.103555575713054,True,True,False
APJ,apo,boltz,6.628428738313477,8.114078645668897,14.742507383982376,17.55346923070086,11.836079183480742,,False,False,False
APJ,apo,chai,6.528910016227823,7.795822535178696,14.32473255140652,11.123304755413827,11.919940152043422,,False,False,False
APJ,apo,of3,6.624081684303712,8.842182639690433,15.466264323994146,8.697630261611303,16.42627630653105,,True,False,False
APJ,apo,protenix,6.689683905139128,8.029206197570518,14.718890102709649,10.553515806206482,11.94738409841776,,False,False,False
APJ,cognate,boltz,6.834785678775891,8.758308511744719,15.59309419052061,16.816518350888423,16.52501942152169,11.791717955524572,False,True,True
APJ,cognate,chai,6.391459614203942,9.171380594000013,15.562840208203951,4.526444679394436,18.44512958916068,12.39095953710438,True,True,False
APJ,cognate,of3,6.767856962027655,9.082875437919474,15.85073239994713,4.720867255788195,17.83726146222918,11.780065523938969,True,True,False
APJ,cognate,protenix,6.7840985859733385,9.093758628138106,15.877857214111444,4.559218035114729,17.664796367895917,11.761839291336514,True,True,False
APJ,decoy,boltz,6.604992401100852,8.078631657211513,14.683624058312365,17.110451665708965,13.694047014027934,15.85895887995291,False,True,True
APJ,decoy,chai,6.470911914096805,8.705308380522771,15.176220294619576,13.427024256151398,16.98724572334612,13.3189558537205,False,True,True
APJ,decoy,of3,6.527331182840118,8.733913405248446,15.261244588088564,9.38345007302705,17.262924424271212,58.75536635145552,False,False,False
APJ,decoy,protenix,6.655460415520721,9.16960662313477,15.82506703865549,4.473240291292091,17.72273364744113,12.385050271935572,True,True,False
APJ,shuffled,boltz,6.705281255443356,8.482089914343044,15.1873711697864,16.806025045566326,16.39676612483599,12.95685389775815,False,True,True
APJ,shuffled,chai,6.677786759099157,7.946819363745472,14.624606122844629,8.350909843520075,12.589491522097365,15.30654157953552,False,True,True
APJ,shuffled,of3,6.624964284768246,9.139000948011274,15.76396523277952,4.848009420437604,18.038839551103727,13.470810323685104,True,True,False
APJ,shuffled,protenix,6.761279118859237,9.119933722335787,15.881212841195024,4.291396098321345,17.913715176814144,13.212490903230172,True,True,False
B1B1U5,apo,boltz,6.942355899404754,7.436858667461686,14.37921456686644,9.095252695958099,10.961691696079468,,False,False,False
B1B1U5,apo,chai,6.970256451523143,7.223521163532367,14.19377761505551,10.005128746491561,10.89733836198721,,False,False,False
B1B1U5,apo,of3,6.944292023597732,7.555438104992277,14.49973012859001,8.708104402126743,11.1152193354101,,False,False,False
B1B1U5,apo,protenix,7.075690594428257,7.539331137914065,14.61502173234232,9.11797190986734,11.167936414912063,,False,False,False
B1B1U5,cognate,boltz,7.1100069895746225,8.223869600960365,15.333876590534988,4.31969520015172,17.14225869051613,12.16589317364359,True,True,False
B1B1U5,cognate,chai,7.064223878105789,7.230153041257151,14.29437691936294,9.595824165561677,11.060056076397125,12.38415671740379,False,True,True
B1B1U5,cognate,of3,7.030357863320228,8.3008129212218,15.331170784542028,4.286307976072467,17.934423017146855,12.072086743874639,True,True,False
B1B1U5,cognate,protenix,7.128936098320523,8.432686110847243,15.561622209167766,4.519158256640267,18.025668928203046,12.159702651853708,True,True,False
B1B1U5,decoy,boltz,7.03831977015111,7.472445760385284,14.510765530536396,9.578531640371466,11.248314551699902,10.281678474358085,False,True,True
B1B1U5,decoy,chai,7.016988100317686,7.196637687142516,14.213625787460202,9.737537814985288,10.852985339406086,16.834841559853878,False,True,True
B1B1U5,decoy,of3,7.035060913136786,8.2839304679077,15.318991381044489,4.5002944044817,17.58774003066983,10.964352249424174,True,True,False
B1B1U5,decoy,protenix,7.128201584109589,8.412598314110298,15.540799898219888,4.607355102770988,17.707812819084943,11.301157795671607,True,True,False
B1B1U5,shuffled,boltz,6.898452257173342,8.141878752837087,15.04033101001043,9.169279277083689,15.367448888089871,10.411466489207333,False,True,True
B1B1U5,shuffled,chai,6.99681420362153,7.2741142416104525,14.270928445231982,9.827260907637982,11.302966553300305,16.1532059487408,False,True,True
B1B1U5,shuffled,of3,7.018260930884178,8.40548659526818,15.423747526152358,4.381377997199719,18.252798441219735,13.070020087190034,True,True,False
B1B1U5,shuffled,protenix,7.121052727237034,8.475778293214258,15.596831020451292,4.5560188211420325,18.29273169153307,13.192986218156133,True,True,False
CCKAR,apo,boltz,7.131059116085072,8.409893086389387,15.540952202474458,10.169167023381014,12.041814005746446,,False,False,False
CCKAR,apo,chai,6.983336237071791,9.14379275793147,16.12712899500326,3.733651966354582,16.904885551926597,,True,False,False
CCKAR,apo,of3,6.946710382236719,8.340245960916581,15.2869563431533,9.775887787499832,12.39573774201325,,False,False,False
CCKAR,apo,protenix,7.206064818783758,8.379488640557705,15.585553459341462,10.187475033544064,12.17436306989249,,False,False,False
CCKAR,cognate,boltz,6.9920129377311655,8.987539201283074,15.979552139014238,3.86602055718388,17.07520109772277,12.078607955203637,True,True,False
CCKAR,cognate,chai,6.911800706038912,9.268415020919164,16.180215726958075,3.9559894455407116,17.169686496294837,12.051295361249474,True,True,False
CCKAR,cognate,of3,7.135893871379678,9.173373023263215,16.309266894642892,3.9246232638309833,17.27483912921084,12.286241785816197,True,True,False
CCKAR,cognate,protenix,7.152656802732576,9.179703261988188,16.332360064720763,3.7163145402206346,17.060307480675032,12.111494609083046,True,True,False
CCKAR,decoy,boltz,7.079647340538934,9.030592264796368,16.110239605335302,3.843227046587064,17.05399544547185,14.942121233719638,True,True,False
CCKAR,decoy,chai,6.971123582321576,9.023552626321854,15.99467620864343,4.009801267628067,17.163267312756386,8.661775373381486,True,True,False
CCKAR,decoy,of3,6.993109870412893,9.25033377907889,16.243443649491784,3.865604194354205,17.294764782444563,8.652732117728986,True,True,False
CCKAR,decoy,protenix,7.129939582183068,9.213247476665352,16.34318705884842,3.7179053112141065,17.021262601401467,8.763627327809397,True,True,False
CCKAR,shuffled,boltz,7.043669456760446,8.968639343908308,16.012308800668755,3.873533524064438,17.21727724030193,11.620278040206284,True,True,False
CCKAR,shuffled,chai,6.965827876139348,9.359301095701538,16.325128971840886,4.039721575095622,17.213495200837656,11.930957552972556,True,True,False
CCKAR,shuffled,of3,7.040162623523648,9.231467830078516,16.271630453602164,3.9750535061163923,17.38543080358353,11.943000800991388,True,True,False
CCKAR,shuffled,protenix,7.131158229554456,9.30384443591066,16.435002665465117,3.6840933610785163,17.150145202560417,12.177105281351976,True,True,False
CCR5,apo,boltz,7.316639702472714,9.66502432645154,16.981664028924254,10.330912265375822,16.39106414507754,,False,False,False
CCR5,apo,chai,7.593479637162399,7.995556828639265,15.589036465801664,11.96217508546591,11.857300793802636,,False,False,False
CCR5,apo,of3,7.099276363492649,10.259325266044316,17.358601629536963,9.344135841129436,18.354022529324098,,False,False,False
CCR5,apo,protenix,7.278774867459134,7.976825629139037,15.25560049659817,11.532569322655252,11.840620485314819,,False,False,False
CCR5,cognate,boltz,7.195928407488501,10.204784713549817,17.40071312103832,5.031884952606444,17.918585250735624,12.329629892400202,True,True,False
CCR5,cognate,chai,7.568108019842212,8.166636149602848,15.73474416944506,11.721743116597956,12.09819978921217,10.760691571641487,False,True,True
CCR5,cognate,of3,7.071286473382283,10.000752381529244,17.072038854911526,4.919416607205708,17.862491066676284,11.741107789580226,True,True,False
CCR5,cognate,protenix,7.168656449784593,10.077508907418638,17.246165357203232,4.848292938087727,17.895586027305374,11.838687348420493,True,True,False
CCR5,decoy,boltz,7.179935024566727,10.00506659680984,17.185001621376568,9.334526371235569,17.848256331367978,61.61208876141726,False,False,False
CCR5,decoy,chai,7.563069019915132,8.115979546548894,15.679048566464026,11.924455903266729,12.283642214876277,11.061804475092917,False,True,True
CCR5,decoy,of3,7.082916704442472,10.01260997463059,17.095526679073064,4.877657324631926,18.157774388566317,11.171237264066013,True,True,False
CCR5,decoy,protenix,7.284700385958194,8.003129781743496,15.28783016770169,11.589775709319706,12.026218781923813,11.621111348439786,False,True,True
CCR5,shuffled,boltz,7.158336213401827,9.903732301213518,17.062068514615344,5.138720570833386,17.724349839424782,11.89244681276237,True,True,False
CCR5,shuffled,chai,7.61972053293295,8.135506191995677,15.755226724928628,11.670003063130011,12.127643934677808,16.08327515160091,False,True,True
CCR5,shuffled,of3,7.047734940235479,10.078236695173,17.12597163540848,4.815809907167646,18.591582755312622,12.999004699282622,True,True,False
CCR5,shuffled,protenix,7.077794087262714,9.949105080664046,17.02689916792676,4.817872424954559,17.919874382868137,12.879854358665057,True,True,False
CNR1,apo,boltz,7.320209146233459,8.814503061965546,16.134712208199005,6.292644846192829,13.479955897213987,,False,False,False
CNR1,apo,chai,7.075712967609697,9.824690936614749,16.900403904224447,3.580777634380963,17.093195584874856,,True,False,False
CNR1,apo,of3,7.206578260085488,9.128919826235744,16.33549808632123,4.904032150441983,14.890987819325815,,False,False,False
CNR1,apo,protenix,7.131408470053647,9.6403309264275,16.771739396481145,3.649267322150372,16.732999357371796,,True,False,False
CNR1,cognate,boltz,7.0749747123647015,9.504126020844842,16.579100733209543,4.113127028119264,17.199509523331876,10.768320628543163,True,True,False
CNR1,cognate,chai,7.091098927528796,9.870133535064255,16.961232462593053,3.7068692155613387,17.180221432416978,10.63855864864749,True,True,False
CNR1,cognate,of3,7.110631102548544,9.7010960005682,16.811727103116745,3.6634307121352063,17.18107030765966,10.913382133806378,True,True,False
CNR1,cognate,protenix,7.227039924442248,9.696990881067157,16.924030805509403,3.6216056647758412,17.153031650260715,11.407738206799682,True,True,False
CNR1,decoy,boltz,7.0164150140438535,9.60239902438448,16.618814038428333,4.093337395205335,17.16262147869977,10.09768679624721,True,True,False
CNR1,decoy,chai,6.980094626865742,9.947145118072823,16.927239744938564,3.6341434767308707,17.68376518066047,10.09239808108902,True,True,False
CNR1,decoy,of3,7.091771988395798,9.807033997225972,16.89880598562177,3.5324332009102664,17.551591093293432,14.928395352809792,True,True,False
CNR1,decoy,protenix,7.1812271282444335,9.624657193222788,16.80588432146722,3.43868108545816,17.519382895809578,14.708367116081792,True,True,False
CNR1,shuffled,boltz,7.1790225306931585,9.814692062601864,16.993714593295024,3.7983033963549677,17.527372243582732,11.34960099489176,True,True,False
CNR1,shuffled,chai,7.05576969578798,9.7484142813075,16.804183977095477,3.710232410289728,18.311745507239742,13.919202338542071,True,True,False
CNR1,shuffled,of3,7.130640131667754,9.925075306761556,17.05571543842931,3.6357826097290555,18.08257078796777,13.86886125056364,True,True,False
CNR1,shuffled,protenix,7.253150836276758,9.708563222767108,16.961714059043864,3.3173069478615953,17.706633740541747,13.335798241370444,True,True,False
CNR2,apo,boltz,7.281268635485165,8.520964487621105,15.80223312310627,11.075585290174546,13.621269341736813,,False,False,False
CNR2,apo,chai,7.052733016356141,9.459651314926994,16.512384331283137,2.7672341723056424,15.861712172266422,,True,False,False
CNR2,apo,of3,7.026139828399797,8.862324397858789,15.888464226258586,3.879541942256121,14.132346215921615,,False,False,False
CNR2,apo,protenix,7.031262010332606,8.866405151850413,15.89766716218302,4.621232511790186,13.6919419431653,,False,False,False
CNR2,cognate,boltz,6.969399344175938,9.169116268027144,16.13851561220308,4.623368809013335,15.870924790854003,11.720600476845908,True,True,False
CNR2,cognate,chai,7.035005401561537,9.460914596380205,16.49591999794174,3.815926828404299,17.02405181795536,11.527973929946409,True,True,False
CNR2,cognate,of3,6.982731421434611,9.159465210096158,16.14219663153077,3.68502349956457,16.41873700641566,11.437782408503683,True,True,False
CNR2,cognate,protenix,7.083879225298736,9.338210554096646,16.42208977939538,3.81278989179355,16.53485371526746,11.64339685722323,True,True,False
CNR2,decoy,boltz,7.079681401171949,8.422879822548817,15.502561223720765,10.301886461276926,13.179337576275607,18.026112464679883,False,True,True
CNR2,decoy,chai,6.957898748904011,9.608226995653256,16.56612574455727,3.588850016675101,16.862260509220476,16.134036558791884,True,True,False
CNR2,decoy,of3,6.880030826748745,9.1418682320524,16.021899058801143,2.4211444846716006,15.879746505432049,10.12341980583892,True,True,False
CNR2,decoy,protenix,7.043610705378385,9.266313627439509,16.309924332817893,3.6352732615588863,16.59246909618315,11.350748881486568,True,True,False
CNR2,shuffled,boltz,7.091383665364609,8.862609916841652,15.953993582206262,4.219704142761634,15.628305565154019,9.180412856566011,True,True,False
CNR2,shuffled,chai,6.944970410304135,9.720718389090388,16.665688799394523,3.6070042244002742,17.502295277706217,13.67495207101955,True,True,False
CNR2,shuffled,of3,7.019159299717043,9.110146110647047,16.12930541036409,3.346454137792753,16.95128735786655,13.793425211618171,True,True,False
CNR2,shuffled,protenix,7.041294303720092,9.313515963064916,16.35481026678501,3.4863537336172135,17.06086807736144,12.527790196075083,True,True,False
CXCR2,apo,boltz,6.630160659297783,7.716244399226867,14.346405058524647,10.655808889562666,11.970889069608207,,False,False,False
CXCR2,apo,chai,6.517264226652162,8.128856131092492,14.646120357744651,10.256678599206527,12.325568366279082,,False,False,False
CXCR2,apo,of3,6.48270111245237,7.83889320321888,14.321594315671248,9.948394522724634,12.093625652423729,,False,False,False
CXCR2,apo,protenix,6.670336582553622,7.92039207222921,14.590728654782833,9.717694501944724,12.22939564903961,,False,False,False
CXCR2,cognate,boltz,6.726713516614186,8.886030906259554,15.61274442287374,4.919016962175069,17.420337560963738,12.21374401455994,True,True,False
CXCR2,cognate,chai,6.6667729074868,9.566043173642903,16.232816081129705,4.650508056385743,17.79601935948962,11.85017814434363,True,True,False
CXCR2,cognate,of3,6.642678965275756,9.128428791749268,15.771107757025025,4.489455751371094,17.810085819360545,11.746055348647092,True,True,False
CXCR2,cognate,protenix,6.766121372356162,9.461456243327085,16.227577615683245,4.188804159966676,17.483835298942097,11.699250983134853,True,True,False
CXCR2,decoy,boltz,6.511973337952176,8.255324374547616,14.767297712499792,10.634710927284615,12.33410524973786,66.21423381171701,False,False,False
CXCR2,decoy,chai,6.458070919400004,9.448365943378782,15.906436862778786,4.888741501323887,17.975286922906776,11.712547003340184,True,True,False
CXCR2,decoy,of3,6.468358727637167,8.919198090041524,15.387556817678693,8.322296946840211,16.05803353769621,64.71987893026241,True,False,False
CXCR2,decoy,protenix,6.741879035494609,8.595169490284269,15.337048525778878,9.318302331389146,13.247838885004633,43.401366453626245,False,False,False
CXCR2,shuffled,boltz,6.560473829541582,9.071734548106,15.632208377647585,4.610683044001068,17.38629095017267,17.69827975582715,True,True,False
CXCR2,shuffled,chai,6.663981467561266,9.336463623878156,16.000445091439424,4.488511172468321,17.93204541944371,13.276055968459332,True,True,False
CXCR2,shuffled,of3,6.744518157384959,9.099086701524907,15.843604858909869,4.313651593552318,17.521040992900314,12.567435144644348,True,True,False
CXCR2,shuffled,protenix,6.797303551402509,9.45958731966644,16.256890871068947,4.033842396710847,17.36113420708717,12.748204840407553,True,True,False
CXCR4,apo,boltz,6.642741075655441,8.101657109116628,14.74439818477207,14.207135691356056,12.785787175057893,,False,False,False
CXCR4,apo,chai,6.691314220689385,8.051368765619918,14.742682986309305,12.885852164565058,12.405144508406806,,False,False,False
CXCR4,apo,of3,6.542447804884668,8.24539449397164,14.787842298856308,11.069806235736205,13.159978089530473,,False,False,False
CXCR4,apo,protenix,6.584981287654264,8.375209966918348,14.960191254572612,14.784637657141968,12.677553501885738,,False,False,False
CXCR4,cognate,boltz,6.266044834415088,8.530152670415696,14.796197504830785,12.468142834426846,17.97219348111257,12.674035243950378,False,True,True
CXCR4,cognate,chai,6.508422082194731,9.03304760310716,15.541469685301893,4.259675320112333,17.90672018604731,11.927038038545172,True,True,False
CXCR4,cognate,of3,6.22711409552812,8.421653163802226,14.648767259330343,4.486022848325286,18.017658263321813,12.008214099045308,True,True,False
CXCR4,cognate,protenix,6.489337253506624,8.681108814421519,15.170446067928143,4.3253020412053065,17.76289787264766,12.365197198728088,True,True,False
CXCR4,decoy,boltz,6.342871198172008,7.637830133401763,13.980701331573773,21.08345145607158,15.765893051414576,54.24917889590952,False,False,False
CXCR4,decoy,chai,6.475185016661687,8.996501208803343,15.47168622546503,4.2316028350596255,18.095678139564043,12.25109211886818,True,True,False
CXCR4,decoy,of3,6.531688879986622,7.930215761894697,14.461904641881318,10.301072218602764,12.717543132389721,74.18632007909042,False,False,False
CXCR4,decoy,protenix,6.3937330637282646,8.629339487832643,15.023072551560908,4.379322654527181,17.502531453756532,71.20508233544382,True,False,False
CXCR4,shuffled,boltz,6.381641214397751,8.652121308372879,15.03376252277063,13.270401470989565,17.27055950404738,11.487912305559997,False,True,True
CXCR4,shuffled,chai,6.530974276476673,8.995792127433804,15.526766403910475,4.1168683484648385,17.92578801376965,13.409921348421332,True,True,False
CXCR4,shuffled,of3,6.224647821724826,8.46827911782557,14.692926939550397,4.237400103401795,18.14586681320815,12.850089035131795,True,True,False
CXCR4,shuffled,protenix,6.466381837904722,8.820768793078209,15.28715063098293,4.196265784202326,17.642104672118528,13.078053428718505,True,True,False
DRD2,apo,boltz,6.649088975145392,8.468260584830867,15.117349559976258,9.807683048483021,11.726723341331887,,False,False,False
DRD2,apo,chai,6.771004356814431,8.186439824490252,14.957444181304684,9.699434366490173,11.847920877960004,,False,False,False
DRD2,apo,of3,7.021819758952964,8.588055597980471,15.609875356933436,9.83823236205731,12.196175478065271,,False,False,False
DRD2,apo,protenix,6.658142726149982,8.344092884175558,15.002235610325538,9.57985675366079,11.896784786276786,,False,False,False
DRD2,cognate,boltz,6.968961288068688,8.788918513383772,15.75787980145246,4.840667173628647,16.797492909616544,11.684098777171059,True,True,False
DRD2,cognate,chai,7.182675963733851,8.756285171235575,15.938961134969423,4.106741020548159,17.558556898795867,12.20467875156057,True,True,False
DRD2,cognate,of3,7.188295409467045,8.69935988174429,15.887655291211336,4.170741761812738,17.22899279486242,11.557322887985215,True,True,False
DRD2,cognate,protenix,7.326029569718946,8.665424179978613,15.99145374969756,4.072784092072759,17.177903606775693,11.773810246203414,True,True,False
DRD2,decoy,boltz,7.015891842702537,8.551908875368119,15.567800718070655,8.432445703753421,15.704424697377803,18.104454069857596,True,True,False
DRD2,decoy,chai,6.767351476020733,8.32888233798509,15.096233814005824,9.547478904890319,11.785911668581411,42.33015437015658,False,False,False
DRD2,decoy,of3,6.77598806472272,8.159885445773488,14.935873510496208,10.531332944655706,11.700196868653988,22.515646126739213,False,False,False
DRD2,decoy,protenix,7.22424910839189,8.78148152983493,16.00573063822682,4.165081134333512,17.010988284571827,6.931174623691986,True,True,False
DRD2,shuffled,boltz,6.97320461821536,8.667563743711378,15.64076836192674,4.708917243207457,17.465677737445098,12.95126940096246,True,True,False
DRD2,shuffled,chai,7.120128158958938,8.848340465872683,15.96846862483162,3.988799227781014,18.308250025226492,13.528282455418974,True,True,False
DRD2,shuffled,of3,7.313860828692309,8.616342620065698,15.930203448758007,4.0848985991229565,17.828264795800855,12.654908032116591,True,True,False
DRD2,shuffled,protenix,7.282843857320365,8.643686032538348,15.926529889858712,3.958527405682394,17.73291225740857,13.12211303457794,True,True,False
DRD3,apo,boltz,6.839039526293147,7.903890700560072,14.742930226853218,10.288888500774545,11.57232756988705,,False,False,False
DRD3,apo,chai,6.939492560699233,7.95269369459179,14.892186255291024,10.27943080889592,11.682253720917881,,False,False,False
DRD3,apo,of3,7.042080120293711,8.389337690226284,15.431417810519996,10.034726849942825,11.902719816822817,,False,False,False
DRD3,apo,protenix,6.654603751952978,8.414333741528754,15.068937493481732,10.04091245581106,11.740943093437178,,False,False,False
DRD3,cognate,boltz,7.1933061748475575,8.464676272498552,15.65798244734611,4.798110619243058,17.068397031352113,12.057904069175756,True,True,False
DRD3,cognate,chai,7.1219894692424255,8.882737528487489,16.004726997729914,4.2563758224074935,17.59952194350886,12.22636073531018,True,True,False
DRD3,cognate,of3,7.2194463088060195,8.473764618080738,15.693210926886756,4.117634790223731,17.237179601382582,11.542293620889675,True,True,False
DRD3,cognate,protenix,7.336913952319546,8.687871917777324,16.02478587009687,4.296833226224264,17.163917854049735,11.252228715143808,True,True,False
DRD3,decoy,boltz,7.1019907792463375,7.86392281719499,14.965913596441329,10.439244939490397,11.546932948380936,21.98547839715372,False,False,False
DRD3,decoy,chai,6.777015936236242,7.991794041390205,14.768809977626448,10.190932909506195,11.634551619694477,51.03405102341803,False,False,False
DRD3,decoy,of3,7.277334311763959,8.443016983690784,15.720351295454744,4.219562300726265,17.08235634080279,18.232959593338688,True,True,False
DRD3,decoy,protenix,6.96758836992614,8.127592200105777,15.095180570031918,10.027088071517396,11.693877992342617,17.918208814122863,False,True,True
DRD3,shuffled,boltz,7.073201476849079,8.59750455583479,15.67070603268387,4.628178448156396,17.42950176444402,13.037722551944004,True,True,False
DRD3,shuffled,chai,6.811846959525735,8.40909626535456,15.220943224880294,10.181259325865376,11.665862566280502,42.48152672731253,False,False,False
DRD3,shuffled,of3,7.286997430709546,8.413689641402836,15.700687072112382,4.208589591453557,17.548290707591125,12.609791399362662,True,True,False
DRD3,shuffled,protenix,7.306870285825815,8.654252879273185,15.961123165099,4.3730890386349355,17.756620453387953,12.966481408044062,True,True,False
EDNRA,apo,boltz,5.957095274670365,8.84709444387817,14.804189718548535,,11.668581346163851,,False,False,False
EDNRA,apo,chai,6.025942996743331,8.826347715788224,14.852290712531556,,11.883606251417817,,False,False,False
EDNRA,apo,of3,5.97929005315244,9.004197371023007,14.983487424175449,,11.631194529272314,,False,False,False
EDNRA,apo,protenix,5.801203580776041,8.816299953519827,14.617503534295867,,11.473946926706617,,False,False,False
EDNRA,cognate,boltz,5.8996880110816035,9.648766624957824,15.548454636039429,,15.824318444541404,12.344335211155585,False,True,True
EDNRA,cognate,chai,6.0786413778080375,8.975972537836778,15.054613915644817,,12.239035132388688,11.633873808424415,False,True,True
EDNRA,cognate,of3,5.9571467801949725,10.01575790565929,15.972904685854264,,16.19617941463617,12.273049916657282,False,True,True
EDNRA,cognate,protenix,5.9342712061651035,9.86283243503045,15.797103641195552,,15.628444989907145,12.343732250062278,False,True,True
EDNRA,decoy,boltz,6.125664239419265,8.961207253121646,15.086871492540912,,12.8929755825142,10.47976471533559,False,True,True
EDNRA,decoy,chai,6.0402004933611275,8.855332235438715,14.895532728799845,,11.951993367708273,10.219518180285586,False,True,True
EDNRA,decoy,of3,5.808809138840851,8.996378917498808,14.80518805633966,,11.641034572185502,51.95484797445434,False,False,False
EDNRA,decoy,protenix,5.81520347678064,8.829424717957853,14.644628194738493,,11.573699923246457,28.100114570357043,False,False,False
EDNRA,shuffled,boltz,6.097074150123157,9.85465575806177,15.951729908184928,,16.30915379209012,12.624473326931675,False,True,True
EDNRA,shuffled,chai,6.026037918898287,8.803930656246674,14.82996857514496,,11.736221509224421,19.75875302246082,False,True,True
EDNRA,shuffled,of3,5.91092556816976,8.863071499436186,14.773997067605949,,11.63846160727465,28.142120809280737,False,False,False
EDNRA,shuffled,protenix,5.898526540549822,9.672863387029263,15.571389927579084,,15.42752082513043,12.85495596604937,False,True,True
EDNRB,apo,boltz,6.134343640855149,8.695809480485414,14.830153121340562,,12.373105322831545,,False,False,False
EDNRB,apo,chai,5.962932248483122,8.630295359951477,14.5932276084346,,11.880005725006924,,False,False,False
EDNRB,apo,of3,6.178004267042839,8.717783954594285,14.895788221637124,,11.573393721830957,,False,False,False
EDNRB,apo,protenix,5.934006901117118,8.788785870343965,14.722792771461084,,11.703576140630192,,False,False,False
EDNRB,cognate,boltz,6.2095574356953955,9.978409746432543,16.187967182127938,,15.726717590251003,12.571988938457212,False,True,True
EDNRB,cognate,chai,5.878089740723596,8.598230806392673,14.47632054711627,,12.410939812003619,11.456253467739472,False,True,True
EDNRB,cognate,of3,6.325891514813782,10.003577679707904,16.329469194521685,,16.49359996152488,12.16107287738135,False,True,True
EDNRB,cognate,protenix,6.337622906981884,9.4912435582577,15.828866465239582,,16.085528675364145,12.173862930033568,False,True,True
EDNRB,decoy,boltz,6.475265316147285,9.860079270396358,16.33534458654364,,16.72044145325713,35.40976450389396,False,False,False
EDNRB,decoy,chai,6.02404407354395,8.780789315317843,14.804833388861796,,12.124841037556813,11.259855509567565,False,True,True
EDNRB,decoy,of3,6.195250340129384,9.031862046748216,15.2271123868776,,11.4797300434121,35.17731909462031,False,False,False
EDNRB,decoy,protenix,5.974149274909113,8.847565813994768,14.82171508890388,,12.37645597680892,9.903583679728072,False,True,True
EDNRB,shuffled,boltz,6.3257522947867635,9.791631679526144,16.117383974312908,,15.389403824144892,12.977703905824228,False,True,True
EDNRB,shuffled,chai,6.021147232878464,8.780537682852911,14.801684915731377,,12.273531396177319,13.044565836751925,False,True,True
EDNRB,shuffled,of3,6.1392619888007465,10.604574820440638,16.743836809241383,,16.71750582399207,11.87230392991216,False,True,True
EDNRB,shuffled,protenix,6.220346036841519,9.864978876102777,16.085324912944294,,16.505305775460528,9.76572541151314,False,True,True
FSHR,apo,boltz,7.171220924180206,9.06592244544922,16.23714336962943,3.663542761048748,17.520093646669416,,True,False,False
FSHR,apo,chai,7.0532445016460334,9.508910873491246,16.56215537513728,3.612223859569295,17.013445842466336,,True,False,False
FSHR,apo,of3,7.166598126071391,9.627404367290024,16.794002493361415,5.764687079157097,14.26266477356064,,False,False,False
FSHR,apo,protenix,7.042114350633407,9.471598450009571,16.51371280064298,3.0897514759309845,16.079270404855777,,True,False,False
FSHR,cognate,boltz,7.135623909687225,8.957289291258824,16.09291320094605,3.715681117803574,17.872859155539736,12.922183696755301,True,True,False
FSHR,cognate,chai,6.971012049910687,8.99112707061801,15.962139120528697,3.84111385239813,17.873124582899568,13.247728056727897,True,True,False
FSHR,cognate,of3,6.96368505280384,9.053104074785722,16.01678912758956,3.9706802609546488,17.918323164765948,12.905802582334406,True,True,False
FSHR,cognate,protenix,7.008983587598741,9.21414935387756,16.2231329414763,3.6989866107464158,17.91993310327805,13.002283410937249,True,True,False
FSHR,decoy,boltz,7.04041411977307,9.29992385529043,16.3403379750635,3.0806491046861804,17.61555122915975,83.39881243662781,True,False,False
FSHR,decoy,chai,6.957150638012663,9.21041264005039,16.167563278063053,3.5212036097841395,17.477316781090572,10.553044681372127,True,True,False
FSHR,decoy,of3,7.08948201586108,9.042060872360858,16.131542888221936,3.708729287234167,17.885648391523958,10.6026704556034,True,True,False
FSHR,decoy,protenix,7.015326669864562,9.44361268254734,16.458939352411903,3.335403362782191,17.593303607667742,92.17070427697496,True,False,False
FSHR,shuffled,boltz,7.120439606829062,9.052613227322816,16.17305283415188,3.7742104511160877,17.406462266973733,12.006271022141933,True,True,False
FSHR,shuffled,chai,7.004407255435679,9.399947819004105,16.40435507443978,3.7290606772730914,17.715830486092678,12.377644796329356,True,True,False
FSHR,shuffled,of3,7.100606961319306,9.249869720634448,16.350476681953754,3.814556861261008,17.749890660538338,12.018929224277096,True,True,False
FSHR,shuffled,protenix,7.051815158603165,9.287610054534952,16.339425213138117,3.641649477105179,17.554233794454575,12.095403886588894,True,True,False
GHSR,apo,boltz,7.001410549039385,8.82050746974345,15.821918018782837,10.05818987083116,12.538995924850358,,False,False,False
GHSR,apo,chai,6.954869229539834,8.850356941954374,15.805226171494208,10.088998486176948,12.658592941592335,,False,False,False
GHSR,apo,of3,6.993303412303013,8.714495399033737,15.707798811336753,10.181851327428319,12.816331334803323,,False,False,False
GHSR,apo,protenix,6.922789733817085,8.79656663258449,15.719356366401575,10.309078941895361,12.474136698525058,,False,False,False
GHSR,cognate,boltz,7.012446442761612,9.240106797640385,16.252553240401994,5.159000206721908,17.2786792069125,12.582848327357421,True,True,False
GHSR,cognate,chai,7.218550685560087,9.134507649567103,16.353058335127194,6.3279210873176925,16.841129101837783,12.631990960987643,True,True,False
GHSR,cognate,of3,6.923476503353188,9.496362021952711,16.419838525305902,5.258257182273493,17.52752103060952,12.374808663627732,True,True,False
GHSR,cognate,protenix,6.827611473826352,9.248019182452738,16.07563065627909,4.837692604644511,17.358505093887313,12.342144400465923,True,True,False
GHSR,decoy,boltz,7.086036358317674,8.91233966957611,15.998376027893784,9.811819579923323,12.521091831106688,20.969518700615055,False,False,False
GHSR,decoy,chai,6.99267116343962,8.791761029509392,15.784432192949012,9.850761899118915,12.76482099929328,12.45953369113164,False,True,True
GHSR,decoy,of3,7.088670926967977,8.740333638353333,15.82900456532131,10.491558111262739,15.481197505763893,12.839714298143393,False,True,True
GHSR,decoy,protenix,6.987940204375391,9.006378106461499,15.99431831083689,10.224340209574455,15.216851895807013,12.102740268162758,False,True,True
GHSR,shuffled,boltz,6.982989416711154,9.015874489637708,15.99886390634886,5.375205558503104,17.357556909910343,11.09741968483777,True,True,False
GHSR,shuffled,chai,7.11664597967329,8.768071224619469,15.88471720429276,6.642337373668388,17.287305488898973,13.63893803692767,True,True,False
GHSR,shuffled,of3,7.157084649055771,8.850199088325668,16.00728373738144,5.787283638798629,17.93753071814426,12.644420377862811,True,True,False
GHSR,shuffled,protenix,6.90801342005249,9.075007339052448,15.98302075910494,4.979979957611577,17.467188755137222,12.437842375932224,True,True,False
GRPR,apo,boltz,6.868185604910514,7.795925799063252,14.664111403973768,,11.372900334823498,,False,False,False
GRPR,apo,chai,6.65931182630758,7.668192485846975,14.327504312154556,,11.567868741222401,,False,False,False
GRPR,apo,of3,6.6698367339852895,7.926483361395982,14.596320095381271,,11.771457077123568,,False,False,False
GRPR,apo,protenix,6.733474932754118,7.716678754536481,14.450153687290598,,11.481943201800107,,False,False,False
GRPR,cognate,boltz,6.969504575979559,9.0515310721336,16.02103564811316,,16.82795439330768,13.2208476410012,False,True,True
GRPR,cognate,chai,6.617686907069571,9.403388006458098,16.02107491352767,,17.337160339571774,12.741732396297046,False,True,True
GRPR,cognate,of3,6.776447079547456,9.684951285780702,16.461398365328158,,17.362466179984906,12.704064058929802,False,True,True
GRPR,cognate,protenix,6.973310306578426,9.29359085710132,16.266901163679748,,17.759985714693713,12.679116176127291,False,True,True
GRPR,decoy,boltz,6.819822690503032,9.395986692466098,16.21580938296913,,17.487880528504707,10.061791112649328,False,True,True
GRPR,decoy,chai,6.601490362031897,7.700019545429738,14.301509907461636,,12.043260769814813,13.998984893267515,False,True,True
GRPR,decoy,of3,6.746115038804334,9.121455571431143,15.867570610235475,,16.432368927555515,10.492404662202993,False,True,True
GRPR,decoy,protenix,6.584579782295741,8.535513007026504,15.120092789322245,,16.38592147655247,10.143429625563735,False,True,True
GRPR,shuffled,boltz,6.800125477842303,9.050402932803598,15.8505284106459,,16.696295182020037,13.112852193438943,False,True,True
GRPR,shuffled,chai,6.776848677667224,7.677637006266968,14.454485683934193,,12.281975221374715,15.323041494149539,False,True,True
GRPR,shuffled,of3,6.6513959401461795,8.813529470831366,15.464925410977546,,15.564917568930166,12.521525205528281,False,True,True
GRPR,shuffled,protenix,6.704505022229774,7.815688501363971,14.520193523593743,,13.21566079236982,11.19182921611146,False,True,True
HRH1,apo,boltz,7.8945373849706995,7.663459232194036,15.557996617164736,15.39634753241837,12.255746962968164,,False,False,False
HRH1,apo,chai,7.91670291219773,8.17075382079279,16.087456732990518,15.45250232891183,13.081733240335403,,False,False,False
HRH1,apo,of3,7.712280449523487,8.296039658328615,16.0083201078521,15.602115105989107,12.8179373497499,,False,False,False
HRH1,apo,protenix,7.691564587991249,8.184447893064641,15.876012481055891,14.972099949574083,12.436347707679104,,False,False,False
HRH1,cognate,boltz,8.076733206854119,8.633278437360863,16.71001164421498,4.171373371488613,17.29989698393796,13.692954647523374,True,True,False
HRH1,cognate,chai,8.085870763251165,8.992095028412457,17.077965791663622,4.330392070796194,17.77166841621645,13.920350241682943,True,True,False
HRH1,cognate,of3,8.038456992620288,9.001457131618523,17.039914124238813,12.151856943467664,17.25659150423661,13.342180764089404,False,True,True
HRH1,cognate,protenix,8.286312368483838,8.82681797168817,17.113130340172006,4.222572609924233,17.828370117812597,13.765525206415255,True,True,False
HRH1,decoy,boltz,8.002772006030161,8.669001350888117,16.67177335691828,4.490434365810172,17.264422451202556,9.305288062882887,True,True,False
HRH1,decoy,chai,8.099594681217079,9.115094788316796,17.214689469533873,4.354820538531387,17.53893533881851,13.0423396531132,True,True,False
HRH1,decoy,of3,8.000927266709459,8.72472967567352,16.72565694238298,17.036378765262217,15.127792672899,9.071217082706468,False,True,True
HRH1,decoy,protenix,8.21312867892699,8.86818659106618,17.08131526999317,4.411895685294696,17.575760703342965,12.97986236765122,True,True,False
HRH1,shuffled,boltz,8.13316266824905,8.62844186877909,16.76160453702814,4.524266265815278,17.295322208474346,13.779209800305754,True,True,False
HRH1,shuffled,chai,8.199414003451711,8.855413598471841,17.054827601923552,4.430022540925887,18.104626586215197,14.241476441919993,True,True,False
HRH1,shuffled,of3,7.767960104743716,8.297469805803347,16.065429910547063,15.838766574383701,12.884965508169262,12.668534715892102,False,True,True
HRH1,shuffled,protenix,8.376052578867524,8.796796504623533,17.17284908349106,4.439934966749222,17.9606265154306,13.841321805918366,True,True,False
HRH3,apo,boltz,6.145478009544904,8.178462361850178,14.323940371395082,,14.161882299756657,,False,False,False
HRH3,apo,chai,6.149478107937291,8.870141712509445,15.019619820446737,,18.127250360899538,,False,False,False
HRH3,apo,of3,6.467019369847766,8.209810877062981,14.676830246910749,,13.994837183243135,,False,False,False
HRH3,apo,protenix,6.724567986426712,8.082182188106719,14.80675017453343,,13.523815762339783,,False,False,False
HRH3,cognate,boltz,6.754365733360905,8.740230366832444,15.494596100193348,,17.56722510040092,11.656783701092749,False,True,True
HRH3,cognate,chai,6.221676703268983,8.698557409133999,14.920234112402982,,18.16848022297863,12.369975564943838,False,True,True
HRH3,cognate,of3,6.640325095816834,8.41914169936397,15.059466795180803,,17.58845106188203,12.005808594773239,False,True,True
HRH3,cognate,protenix,6.897970727391182,8.440663655327,15.338634382718183,,17.611342806091756,12.321028067296222,False,True,True
HRH3,decoy,boltz,6.317877383093155,8.383685022929953,14.701562406023108,,15.23672359162017,17.283323799601796,False,True,True
HRH3,decoy,chai,6.204754709092052,8.634144427793641,14.838899136885694,,18.3082951665725,15.331357896610136,False,True,True
HRH3,decoy,of3,6.431157130440552,8.602757293932974,15.033914424373528,,15.985789667076997,14.931993299580396,False,True,True
HRH3,decoy,protenix,6.922286285396159,8.49353820583906,15.41582449123522,,17.36227252855592,17.806155313033276,False,True,True
HRH3,shuffled,boltz,6.510841798339138,8.651085920021833,15.161927718360973,,16.43313027870383,16.276134348113438,False,True,True
HRH3,shuffled,chai,6.433385578371626,8.580585352993117,15.013970931364742,,18.436871222098418,13.844489228561542,False,True,True
HRH3,shuffled,of3,6.4729751598282865,8.079599800610238,14.552574960438523,,17.480314016039387,12.676803890087086,False,True,True
HRH3,shuffled,protenix,6.8575418158493955,8.566730178082242,15.424271993931637,,17.794115118574265,13.586537392985647,False,True,True
LPAR1,apo,boltz,7.623765923826623,8.658931121293206,16.28269704511983,9.184482573489442,11.400099153868997,,False,False,False
LPAR1,apo,chai,7.530297404485429,8.801727387280295,16.332024791765726,9.363760709385769,11.310840160295704,,False,False,False
LPAR1,apo,of3,7.494113033868955,9.984533004538957,17.47864603840791,5.728062848001253,16.733744654027348,,True,False,False
LPAR1,apo,protenix,7.520366453093386,8.79176915916378,16.312135612257165,9.442307423656644,11.201163352202453,,False,False,False
LPAR1,cognate,boltz,7.716898613413293,9.025160930670436,16.742059544083727,4.545029126352632,17.1046348380433,11.249373580848694,True,True,False
LPAR1,cognate,chai,7.547075990077218,8.755167502680917,16.302243492758137,9.542017579049121,11.286138831627179,13.32029178873508,False,True,True
LPAR1,cognate,of3,7.534273007948882,8.892817137053315,16.427090145002197,8.556828131107467,16.668106416500905,11.509709242332072,True,True,False
LPAR1,cognate,protenix,7.587232458480305,9.147219826479176,16.73445228495948,4.03870660608383,17.437108869760536,11.519865165912957,True,True,False
LPAR1,decoy,boltz,7.656366427549039,8.823436363152398,16.479802790701438,5.353632363517198,16.282750541436037,15.904949060522268,True,True,False
LPAR1,decoy,chai,7.660981529804128,8.760260155954274,16.421241685758403,9.42627098405946,11.375645463623343,15.541481499548496,False,True,True
LPAR1,decoy,of3,7.438933693081692,9.63590620901024,17.07483990209193,9.05375748474341,16.833312144039784,9.482887572933063,True,True,False
LPAR1,decoy,protenix,7.597525722538229,9.152886275520368,16.750411998058595,8.014092176370486,16.948419019390485,8.098727580869355,True,True,False
LPAR1,shuffled,boltz,7.756848702978548,9.12507218882678,16.88192089180533,4.759157173778109,17.37907610296614,11.601247431772979,True,True,False
LPAR1,shuffled,chai,7.515391806153556,8.645805109994095,16.161196916147652,9.17961339165118,11.4656708976948,13.487690307011441,False,True,True
LPAR1,shuffled,of3,7.492853880834253,9.402160569312288,16.89501445014654,8.238574825512124,17.30052543991581,11.874687981648176,True,True,False
LPAR1,shuffled,protenix,7.454561442354855,8.880977236071548,16.335538678426403,8.577169282983665,16.730346157181216,10.83828217626685,True,True,False
LSHR,apo,boltz,7.210999492559958,8.779923299989587,15.990922792549544,3.5188265533130014,17.949622791280383,,True,False,False
LSHR,apo,chai,7.060078257356641,9.331556890465812,16.391635147822452,3.1696715654915497,18.17758054440128,,True,False,False
LSHR,apo,of3,7.204163650766918,8.734860990264162,15.93902464103108,6.092557642311164,13.487430090254449,,False,False,False
LSHR,apo,protenix,7.022709111525623,9.38151794506692,16.404227056592546,3.0804383618119178,17.448392374152462,,True,False,False
LSHR,cognate,boltz,7.1374554386279705,9.053734782182431,16.191190220810405,3.7199749910583915,18.23597196308186,13.177124496281888,True,True,False
LSHR,cognate,chai,7.004066033383751,8.82273597020788,15.82680200359163,3.8195339218573885,18.077388445125003,13.42362993704186,True,True,False
LSHR,cognate,of3,7.075459456352964,8.859038657050519,15.934498113403482,3.8458523601204337,17.878557388670814,12.914545695081319,True,True,False
LSHR,cognate,protenix,6.962080298531183,9.245176277092918,16.2072565756241,3.552369532680718,17.928225201883563,13.17159628226694,True,True,False
LSHR,decoy,boltz,7.132016776256208,8.863089703021176,15.995106479277384,3.3709196016354372,18.34751871590695,10.800641400332427,True,True,False
LSHR,decoy,chai,7.007754062465377,9.050854324316573,16.05860838678195,3.5229856355236584,17.833806935851474,12.399482102299254,True,True,False
LSHR,decoy,of3,7.131161415389277,9.248465423085138,16.379626838474415,3.4492907199452665,17.86645193345732,12.354275098105404,True,True,False
LSHR,decoy,protenix,7.013086786915553,9.330288850086715,16.343375637002268,3.0274817070627047,17.61930856562364,95.82367326577825,True,False,False
LSHR,shuffled,boltz,7.142217882016762,9.200788515822978,16.34300639783974,3.602937847974631,18.029615841801004,12.505434667402895,True,True,False
LSHR,shuffled,chai,7.003581226772485,9.275748325606942,16.279329552379426,3.6732034150939974,17.981008325668135,12.424737586404888,True,True,False
LSHR,shuffled,of3,7.047680950823761,9.073790304350396,16.121471255174157,3.6538724203998028,17.68345976724553,12.119593440431597,True,True,False
LSHR,shuffled,protenix,7.011887236365291,9.21237279770278,16.22426003406807,3.524847922033601,17.541404562160892,12.23537573509006,True,True,False
LT4R1,apo,boltz,6.729543547767562,7.980130763220613,14.709674310988174,12.59428551709324,11.761797525942189,,False,False,False
LT4R1,apo,chai,6.673103475894854,7.826003705595851,14.499107181490706,12.415173816290988,11.846313453651884,,False,False,False
LT4R1,apo,of3,6.50210009506821,7.972945179584571,14.47504527465278,11.609221815498863,12.046844231580916,,False,False,False
LT4R1,apo,protenix,6.719986264485971,8.032046243588242,14.752032508074214,11.705468697137587,12.135776143102872,,False,False,False
LT4R1,cognate,boltz,6.659416386463607,8.766321452929958,15.425737839393566,4.812085810851426,17.480200983955378,10.76824991378166,True,True,False
LT4R1,cognate,chai,6.479661256578155,8.434142161476768,14.913803418054922,11.77461398266904,11.102171640218222,10.797009847709383,False,True,True
LT4R1,cognate,of3,6.736024981792309,8.727374657682914,15.463399639475224,10.361364254323487,18.059289405213274,10.871043171787981,False,True,True
LT4R1,cognate,protenix,6.752571700350284,8.866408435753742,15.618980136104026,5.083609352659643,17.365057808642163,11.03228617902962,True,True,False
LT4R1,decoy,boltz,6.608709691558559,8.27790438786291,14.886614079421468,12.50844754666802,11.578206069573643,11.548263596005794,False,True,True
LT4R1,decoy,chai,6.749101421670886,7.937005543654358,14.686106965325244,12.245311886931482,11.634872008251433,9.535331007794536,False,True,True
LT4R1,decoy,of3,6.763295995212614,9.037352173643548,15.800648168856162,11.164904783663285,18.070274272120322,47.27007997214815,False,False,False
LT4R1,decoy,protenix,6.64680756857693,8.851132491808455,15.497940060385384,9.969441609978396,16.42932891182886,18.073668757631992,False,True,True
LT4R1,shuffled,boltz,6.616694299187473,8.721615495422853,15.338309794610325,4.730631741715952,17.62681157882029,12.259346706266488,True,True,False
LT4R1,shuffled,chai,6.598014095165303,8.140108230238713,14.738122325404015,12.066735447028055,11.561905336045186,12.8284106839916,False,True,True
LT4R1,shuffled,of3,6.678793417854081,8.569206665128572,15.248000082982651,9.775464957886957,18.790279845632277,12.707852390809139,False,True,True
LT4R1,shuffled,protenix,6.667831600408261,9.005676462617174,15.673508063025436,9.922705995967721,16.904682252543672,11.301824370123452,False,True,True
MCHR1,apo,boltz,6.59017845529239,8.282494059364003,14.872672514656394,11.368728110485453,11.573958861273598,,False,False,False
MCHR1,apo,chai,6.7176100660874924,8.750729398170188,15.46833946425768,5.83093756368132,17.293715467756485,,True,False,False
MCHR1,apo,of3,6.840491122588352,8.480961237821871,15.321452360410223,9.789088679614277,12.284585682928547,,False,False,False
MCHR1,apo,protenix,6.35417001611076,8.462481807295754,14.816651823406511,10.554517384320686,11.521917431482136,,False,False,False
MCHR1,cognate,boltz,6.732701391016833,8.870361944103523,15.603063335120355,5.479705060624605,17.29314422444736,11.254396242145745,True,True,False
MCHR1,cognate,chai,6.653323605537311,9.05990093764827,15.713224543185582,5.208477642886372,17.682429739472504,11.436748625506638,True,True,False
MCHR1,cognate,of3,7.005488698126064,8.734090655639367,15.739579353765432,6.3003902926646695,17.673147743777307,11.390843167817712,True,True,False
MCHR1,cognate,protenix,7.020758067911152,8.793699954269433,15.814458022180585,5.553042683359675,17.262020237013182,11.421416245405648,True,True,False
MCHR1,decoy,boltz,6.71090896693585,8.831178712148226,15.542087679084077,5.602815304125038,17.707696771449154,8.021624300056247,True,True,False
MCHR1,decoy,chai,6.687082921573502,8.865080710292489,15.55216363186599,5.820133500426593,17.915675475095966,8.794188224106254,True,True,False
MCHR1,decoy,of3,6.905731303699384,8.66887300720553,15.574604310904911,6.602355877770549,17.770440414694367,12.107385135736997,True,True,False
MCHR1,decoy,protenix,7.013179451916925,8.817739947637207,15.830919399554134,5.234442521037439,17.761349679368923,11.634314664574946,True,True,False
MCHR1,shuffled,boltz,7.801653732164739,9.294151379039402,17.09580511120414,5.939285755337375,17.554297495290164,12.500068473440205,True,True,False
MCHR1,shuffled,chai,6.655669538070531,8.996640817549627,15.65231035562016,4.497305678922863,17.784506372712634,13.000556423820138,True,True,False
MCHR1,shuffled,of3,6.904137810740945,8.576508203014894,15.48064601375584,6.8656036033550905,17.361571461423758,12.532520353197429,True,True,False
MCHR1,shuffled,protenix,7.000624880183589,8.899455913067252,15.90008079325084,4.488615059323514,17.817640782112584,12.417882628630116,True,True,False
NPY1R,apo,boltz,6.7766351544774786,8.536685032552157,15.313320187029635,9.268667913417282,12.08838385415077,,False,False,False
NPY1R,apo,chai,6.881869295474886,8.285618745754599,15.167488041229486,9.214579156777177,12.278359305128106,,False,False,False
NPY1R,apo,of3,6.7871305398083965,8.530296760727138,15.317427300535536,13.003955241913847,12.121678073606212,,False,False,False
NPY1R,apo,protenix,6.862590508536596,8.340966503383084,15.20355701191968,12.167335376277087,12.100727282786684,,False,False,False
NPY1R,cognate,boltz,6.944348674209843,9.122113927434803,16.066462601644645,3.858786790028187,17.093202226383717,11.539627491276462,True,True,False
NPY1R,cognate,chai,6.990159440241689,9.00889271775394,15.99905215799563,3.765390345642459,17.287125715035508,11.875077059973137,True,True,False
NPY1R,cognate,of3,7.00079539390325,9.038725646546204,16.03952104044945,3.835675517889406,17.157562515937403,11.677827559579168,True,True,False
NPY1R,cognate,protenix,7.0458907207369155,9.040463882545188,16.086354603282103,3.85818718610129,16.958490488586236,11.615322638305557,True,True,False
NPY1R,decoy,boltz,6.920032835608514,8.350641075929438,15.270673911537951,8.122464454202204,12.053198772097485,25.885566156092384,False,False,False
NPY1R,decoy,chai,6.8203895783158925,8.475756839362491,15.296146417678385,6.687197066181483,12.35742411644001,72.56514831392334,False,False,False
NPY1R,decoy,of3,6.78467136913189,8.253116319783762,15.037787688915651,12.651378896840612,12.057378590919253,72.19418650918203,False,False,False
NPY1R,decoy,protenix,6.905955907970962,8.482944644215642,15.388900552186604,12.118261797426033,12.52772831485133,16.404761008595127,False,True,True
NPY1R,shuffled,boltz,6.879060192250101,8.925347284481427,15.804407476731528,4.038377361019233,17.783612375328264,13.312071696810936,True,True,False
NPY1R,shuffled,chai,6.780165779684152,8.341271066210473,15.121436845894625,8.189717479984873,11.91425572169374,22.06839577812933,False,False,False
NPY1R,shuffled,of3,6.826091909384113,9.258146233058342,16.084238142442455,5.165049258044071,17.05668696539034,10.976421643649621,True,True,False
NPY1R,shuffled,protenix,7.023462854051622,8.985336920367239,16.00879977441886,3.930252094392854,17.395928961379983,13.010620057886312,True,True,False
NPY2R,apo,boltz,7.032241428001457,9.061355786376565,16.093597214378022,9.47438166567098,12.122362826073747,,False,False,False
NPY2R,apo,chai,6.892646081150548,8.57005355875913,15.462699639909676,9.39053850958057,12.02824051321792,,False,False,False
NPY2R,apo,of3,6.767760375986764,8.789759042500465,15.55751941848723,9.805659050931835,11.660509867186729,,False,False,False
NPY2R,apo,protenix,6.897889475725383,8.812966551576448,15.71085602730183,9.707297564474075,11.729608722521194,,False,False,False
NPY2R,cognate,boltz,7.094283425991662,9.228064827454345,16.32234825344601,3.9605216786070425,17.183622083755246,12.225567660206949,True,True,False
NPY2R,cognate,chai,6.886218192883522,8.987868768512367,15.87408696139589,3.5902568507639674,16.58339386219688,11.683188397641315,True,True,False
NPY2R,cognate,of3,6.950389882293195,9.04471209534788,15.995101977641076,6.35108366328905,16.770732211557537,11.933679264108342,True,True,False
NPY2R,cognate,protenix,7.123330856219502,8.913175618716076,16.036506474935578,3.964417568471542,16.83338170753845,11.606047380978975,True,True,False
NPY2R,decoy,boltz,7.172973709069344,10.52497492227416,17.697948631343507,8.266773969130764,15.686150511934498,21.221213925435812,True,False,False
NPY2R,decoy,chai,6.885927533745908,8.832463472893618,15.718391006639523,9.232518299649854,11.983483519971909,34.64172194735017,False,False,False
NPY2R,decoy,of3,6.952910610069106,8.71765316879768,15.670563778866786,9.566908429358207,11.67383782179606,69.37555078824298,False,False,False
NPY2R,decoy,protenix,6.985475207943529,9.071887379014909,16.057362586958437,9.554594773318843,11.781760182433528,69.30487676721395,False,False,False
NPY2R,shuffled,boltz,6.990902135833402,9.46913981196286,16.460041947796263,3.8997949971575983,17.531867457062162,12.977112803868435,True,True,False
NPY2R,shuffled,chai,6.879887353728984,8.796212082481869,15.676099436210851,9.569380107422184,11.794362931586065,23.733299184392223,False,False,False
NPY2R,shuffled,of3,6.842656787460674,8.750403396972695,15.59306018443337,9.727169613890636,11.594794569234836,59.10016974055084,False,False,False
NPY2R,shuffled,protenix,7.220901559973429,8.858265655850058,16.07916721582349,3.769848616788683,16.912612100738727,13.246739345443693,True,True,False
OPRD,apo,boltz,6.701273270334526,8.170278152853793,14.871551423188318,16.68520299139768,11.819377107944295,,False,False,False
OPRD,apo,chai,6.683468934617711,8.18662470130395,14.87009363592166,11.35351376816658,11.743562810954945,,False,False,False
OPRD,apo,of3,6.718957407644361,7.957670122241024,14.676627529885383,11.281038995117278,11.802394761987745,,False,False,False
OPRD,apo,protenix,6.84492915297705,8.102137578758398,14.947066731735449,11.390746220204171,11.752455889909442,,False,False,False
OPRD,cognate,boltz,7.003789141279171,8.73554745115611,15.73933659243528,4.810621839148615,17.357479752911978,11.951296472357033,True,True,False
OPRD,cognate,chai,7.1539244474623835,9.377954147893876,16.53187859535626,4.57411789133656,17.562530767585983,11.97587933636213,True,True,False
OPRD,cognate,of3,6.830472928651967,9.153855240757489,15.984328169409457,4.961965393954768,17.32318788719902,11.890777751439007,True,True,False
OPRD,cognate,protenix,7.098045546267035,8.847612442580118,15.945657988847152,4.422316023229799,17.36463928331799,11.838394336487475,True,True,False
OPRD,decoy,boltz,6.768885156848208,7.819019498958932,14.58790465580714,10.090517772630271,14.377613030388316,13.970235962713122,False,True,True
OPRD,decoy,chai,6.986031849340511,9.047752980712945,16.033784830053456,4.8308604536087785,17.54059487637159,15.542420628898512,True,True,False
OPRD,decoy,of3,6.727786892327448,8.110996819127742,14.83878371145519,11.451754745907055,13.50140675682823,12.675880288120124,False,True,True
OPRD,decoy,protenix,7.075180873648366,9.026978186164774,16.10215905981314,4.517401977482694,17.596389484366938,15.456226861848021,True,True,False
OPRD,shuffled,boltz,6.993299302639637,8.918970779378078,15.912270082017717,4.75311500755038,17.90329643659058,13.651436648853553,True,True,False
OPRD,shuffled,chai,7.074273531607328,9.477222588923402,16.55149612053073,5.035234333781876,17.990571924117653,14.23754762392325,True,True,False
OPRD,shuffled,of3,6.825827308940152,9.08455480494976,15.910382113889913,8.066596042918926,17.9259574243274,13.399487593996668,True,True,False
OPRD,shuffled,protenix,7.095347508043494,8.8997614716649,15.995108979708396,4.43678303651363,17.594553667857827,13.375120671843423,True,True,False
OPRK,apo,boltz,6.930910069016911,8.678568053279296,15.609478122296206,11.21382237188851,11.589487928417743,,False,False,False
OPRK,apo,chai,6.976307691035423,9.561616704302676,16.537924395338102,5.662309364810362,16.653936857548047,,True,False,False
OPRK,apo,of3,6.713771298017109,8.225931216063593,14.939702514080702,11.27704424848099,11.675433546725042,,False,False,False
OPRK,apo,protenix,6.82014957761083,8.32427545273204,15.14442503034287,11.068123518479393,11.693906858177034,,False,False,False
OPRK,cognate,boltz,7.199599185961675,9.229627857351565,16.429227043313237,4.189651011023419,17.20357497791925,11.839509603438334,True,True,False
OPRK,cognate,chai,7.17778977123181,9.230548683583224,16.40833845481503,4.365147301288321,17.217087941126586,12.108827276188183,True,True,False
OPRK,cognate,of3,6.903157177511966,9.387214497279809,16.290371674791775,5.277641815860646,17.339371553364956,11.871111169952133,True,True,False
OPRK,cognate,protenix,7.090473597695643,9.073871992814205,16.164345590509846,4.227691430494693,17.190669176648523,11.9133334116439,True,True,False
OPRK,decoy,boltz,7.073485597963709,9.390394180917006,16.463879778880717,3.9073675643442964,17.153837954133884,22.77370577955348,True,False,False
OPRK,decoy,chai,7.074817594821791,9.544437437586357,16.619255032408148,4.361307474852996,16.738745004797835,6.014314102593099,True,True,False
OPRK,decoy,of3,6.706189553097729,8.309053335437211,15.01524288853494,11.71950676250238,11.618708151357687,16.40458937808213,False,True,True
OPRK,decoy,protenix,6.898979798221055,9.162913308780524,16.06189310700158,7.698927938714034,16.000595092042165,7.60603046678137,True,True,False
OPRK,shuffled,boltz,7.174184724148103,9.250381608393244,16.424566332541346,4.206253705627649,17.739033569117836,13.51411874828196,True,True,False
OPRK,shuffled,chai,7.117104678167942,9.16474085831127,16.28184553647921,4.436788019723047,17.6289092699311,13.770853272242867,True,True,False
OPRK,shuffled,of3,6.72911116970949,9.536656085426694,16.265767255136183,9.86117983993658,17.365503240472798,10.472934369648144,False,True,True
OPRK,shuffled,protenix,7.064893797714057,8.962868273786926,16.027762071500984,4.291356379150766,17.438705788387303,13.040329095139642,True,True,False
OPRX,apo,boltz,6.189285564602752,8.565909203756481,14.755194768359232,12.043887670973302,11.800353747625893,,False,False,False
OPRX,apo,chai,6.657493372133388,8.34938979806309,15.006883170196478,11.665114968290176,11.7531680130026,,False,False,False
OPRX,apo,of3,6.68359951228565,8.447303624307043,15.130903136592693,11.143051027147198,11.844590405158787,,False,False,False
OPRX,apo,protenix,6.328712539820968,8.620879613198335,14.949592153019305,11.207099001561723,11.771096208908997,,False,False,False
OPRX,cognate,boltz,6.360879749319272,8.94724922686297,15.308128976182244,4.955509879451007,17.58792542524158,11.807572968996693,True,True,False
OPRX,cognate,chai,7.162946390976272,9.001610633658846,16.164557024635116,4.692500118863938,17.348331056942264,12.143452288710737,True,True,False
OPRX,cognate,of3,6.393410615897532,8.840892096036681,15.234302711934212,4.887386842283995,17.383010586935715,11.9697410601586,True,True,False
OPRX,cognate,protenix,6.579645074213579,8.935296208929467,15.514941283143044,4.6479268288808555,17.13221769716153,12.020271760669793,True,True,False
OPRX,decoy,boltz,6.134810915121998,8.490289168438258,14.625100083560255,12.175271696138005,11.930266632769163,27.412867351707824,False,False,False
OPRX,decoy,chai,6.789201794025569,8.869598074321068,15.658799868346636,4.619547369370181,16.557589924650195,15.595663361135733,True,True,False
OPRX,decoy,of3,6.563637227608447,8.614303135374309,15.177940362982756,11.55060821296674,11.832204406332234,32.36521246825884,False,False,False
OPRX,decoy,protenix,6.394149158225765,8.571312321567284,14.96546147979305,11.198561336461413,11.901598653354974,29.616993609527636,False,False,False
OPRX,shuffled,boltz,6.312272992171678,8.873350962860647,15.185623955032325,4.994019954265964,18.349080287488846,13.470590203735721,True,True,False
OPRX,shuffled,chai,6.994115312174943,8.990510664027935,15.984625976202878,4.941464083463154,17.906877499272085,14.599829473658772,True,True,False
OPRX,shuffled,of3,6.387473094682651,9.042658281004298,15.43013137568695,5.737700995546391,18.023365631746127,13.567887547594182,True,True,False
OPRX,shuffled,protenix,6.52216620214669,9.103173446275711,15.6253396484224,4.758746098624847,17.537887652683146,13.355788714525065,True,True,False
OPSD,apo,boltz,7.569472498463813,7.727148960748719,15.296621459212531,13.739464091177517,13.833421861625842,,False,False,False
OPSD,apo,chai,7.826672409140426,8.852447006336721,16.679119415477146,4.619876621518639,17.44907830787443,,True,False,False
OPSD,apo,of3,7.297505994833529,7.725688730042471,15.023194724876,14.12523367805408,12.50386093228076,,False,False,False
OPSD,apo,protenix,7.374182816632008,7.83704424522402,15.211227061856029,14.105842934920698,12.247412292126917,,False,False,False
OPSD,cognate,boltz,8.103870225182533,8.280840654269348,16.38471087945188,4.590313067581046,17.53910858014349,12.206166822713133,True,True,False
OPSD,cognate,chai,7.776671653091699,8.814863470298336,16.591535123390035,4.677354805705411,17.69816650155207,12.104207629236797,True,True,False
OPSD,cognate,of3,7.76469198163256,8.348938079966995,16.113630061599554,4.336099539492744,17.568255861142156,12.028623869594256,True,True,False
OPSD,cognate,protenix,8.059434150308025,8.301947574870345,16.36138172517837,4.301624374095873,17.46154489844337,11.982557212888782,True,True,False
OPSD,decoy,boltz,7.937048422134011,8.255398723798868,16.192447145932878,4.560794464034681,17.403517655491207,54.17489619420526,True,False,False
OPSD,decoy,chai,7.717401894420165,8.62923148374176,16.346633378161926,4.511302168873685,17.55521291758254,9.245866225932303,True,True,False
OPSD,decoy,of3,7.90760551806916,7.894811554485509,15.802417072554668,5.6612524454247435,17.460807415137218,54.146279601047524,True,False,False
OPSD,decoy,protenix,7.70710641913684,8.859387141331617,16.566493560468455,12.377702903283945,14.997767213164277,53.932509452674694,False,False,False
OPSD,shuffled,boltz,8.055128758250858,8.323961774317564,16.37909053256842,4.239115329578902,17.51936389069457,11.626046475757743,True,True,False
OPSD,shuffled,chai,7.7566906603267345,8.751756452278594,16.508447112605328,4.301351187934307,18.23360581344963,13.271441556450776,True,True,False
OPSD,shuffled,of3,7.890474722074576,8.22343884242581,16.113913564500386,4.385624321125629,17.96652560957949,12.60455328618919,True,True,False
OPSD,shuffled,protenix,7.976284006214738,8.329586792734995,16.305870798949734,4.125179671363859,17.666716551619196,12.627579465105716,True,True,False
OX2R,apo,boltz,6.895400304304313,8.696675384542072,15.592075688846386,9.734497312390591,12.157814271040568,,False,False,False
OX2R,apo,chai,7.043999574105609,8.830800246863248,15.874799820968857,9.65560902990525,12.243869642884125,,False,False,False
OX2R,apo,of3,6.800322537674543,8.950335120641077,15.75065765831562,9.32103099991961,12.151756219098024,,False,False,False
OX2R,apo,protenix,7.0767633734510085,8.810024505792642,15.88678787924365,9.560998752490198,12.031350199533605,,False,False,False
OX2R,cognate,boltz,6.723907474118006,8.432323136674732,15.156230610792738,6.5436604702189625,15.71117169733903,13.05637705676006,True,True,False
OX2R,cognate,chai,6.917809190777091,9.321472469518964,16.239281660296054,8.559677906700614,15.165181481775639,13.140844804575888,True,True,False
OX2R,cognate,of3,6.8689350353715675,8.958060192753395,15.826995228124964,5.998240325794112,16.47489781927223,12.869601209113224,True,True,False
OX2R,cognate,protenix,7.067137584464907,8.908856273807094,15.975993858272002,3.864660909101339,16.383233606940536,12.761236602202437,True,True,False
OX2R,decoy,boltz,6.658146465240908,8.515490966914356,15.173637432155264,7.389002101143955,15.138779718069674,14.570754330311798,True,True,False
OX2R,decoy,chai,7.009497414223077,8.600380747385548,15.609878161608624,9.583386347297505,12.338841148382482,42.34556626650722,False,False,False
OX2R,decoy,of3,6.891409914914117,8.974585147012755,15.865995061926872,9.554106592868706,12.103655912232643,27.912482279771943,False,False,False
OX2R,decoy,protenix,6.943490057654943,9.00334685597756,15.946836913632502,7.971422593388704,15.702253291874452,13.980802140531058,True,True,False
OX2R,shuffled,boltz,6.912805956802201,8.550902118542812,15.463708075345012,6.929266116187229,15.345521082859474,12.722339861953524,True,True,False
OX2R,shuffled,chai,6.995819537409467,8.901458813026098,15.897278350435563,9.339314367188242,12.918381911535562,12.716146467005998,False,True,True
OX2R,shuffled,of3,6.808349460899191,8.903362396541612,15.711711857440802,8.411884781201817,16.337779449415876,12.924757826667136,True,True,False
OX2R,shuffled,protenix,6.878015002882245,8.880786183337616,15.75880118621986,3.9788668012430497,16.35825760868149,13.06955295780186,True,True,False
