citekey,tag
abramson2024af3,general-protein
abramson2024af3,cofolding
abramson2024af3,templates-on
abramson2024af3,single-state
abramson2024af3,ensemble
abramson2024af3,binary-predicate
abramson2024af3,continuous-metric
abramson2024af3,visual-metric
abramson2024af3,saturating-metric
abramson2024af3,design-level-oracle
abramson2024af3,anti-memorization
abramson2024af3,multi-backbone
abramson2024af3,peer-reviewed
abramson2024af3,background
abramson2024af3,precedent
abramson2024af3,comparator-numbers
aureli2026epath,gpcr
aureli2026epath,md
aureli2026epath,enhanced-sampling
aureli2026epath,continuum
aureli2026epath,two-state
aureli2026epath,continuous-metric
aureli2026epath,directed-state
aureli2026epath,apo-sampling
aureli2026epath,design-level-oracle
aureli2026epath,peer-reviewed
aureli2026epath,background
aureli2026epath,precedent
aureli2026epath,comparator-numbers
bret2025boltz2docking,gpcr
bret2025boltz2docking,kinase
bret2025boltz2docking,transporter
bret2025boltz2docking,cofolding
bret2025boltz2docking,benchmark-only
bret2025boltz2docking,single-state
bret2025boltz2docking,binary-predicate
bret2025boltz2docking,continuous-metric
bret2025boltz2docking,design-level-oracle
bret2025boltz2docking,anti-memorization
bret2025boltz2docking,ligand-driven
bret2025boltz2docking,orthosteric
bret2025boltz2docking,peer-reviewed
bret2025boltz2docking,threat
bret2025boltz2docking,precedent
bret2025boltz2docking,negative-result
bret2025boltz2docking,comparator-numbers
bryant2024cfold,general-protein
bryant2024cfold,fold-switching
bryant2024cfold,msa-subsample
bryant2024cfold,ensemble
bryant2024cfold,continuous-metric
bryant2024cfold,binary-predicate
bryant2024cfold,anti-memorization
bryant2024cfold,oracle-leak
bryant2024cfold,design-level-oracle
bryant2024cfold,confidence-as-discriminator
bryant2024cfold,seed-only
bryant2024cfold,peer-reviewed
bryant2024cfold,precedent
bryant2024cfold,contrast
bryant2024cfold,negative-result
bryant2024cfold,comparator-numbers
bugrova2026representation,gpcr
bugrova2026representation,general-protein
bugrova2026representation,cofolding
bugrova2026representation,benchmark-only
bugrova2026representation,ensemble
bugrova2026representation,continuous-metric
bugrova2026representation,visual-metric
bugrova2026representation,saturating-metric
bugrova2026representation,design-level-oracle
bugrova2026representation,no-anti-memorization
bugrova2026representation,unpowered
bugrova2026representation,multi-backbone
bugrova2026representation,ligand-driven
bugrova2026representation,orthosteric
bugrova2026representation,preprint
bugrova2026representation,precedent
bugrova2026representation,contrast
bugrova2026representation,negative-result
bugrova2026representation,comparator-numbers
chai2024chai1,general-protein
chai2024chai1,cofolding
chai2024chai1,no-template-no-msa
chai2024chai1,templates-on
chai2024chai1,single-state
chai2024chai1,binary-predicate
chai2024chai1,continuous-metric
chai2024chai1,saturating-metric
chai2024chai1,anti-memorization
chai2024chai1,confidence-as-discriminator
chai2024chai1,multi-backbone
chai2024chai1,oracle-leak
chai2024chai1,design-level-oracle
chai2024chai1,preprint
chai2024chai1,precedent
chai2024chai1,background
chai2024chai1,comparator-numbers
chakravarty2026statespace,general-protein
chakravarty2026statespace,fold-switching
chakravarty2026statespace,cryptic-pocket
chakravarty2026statespace,preprint
chakravarty2026statespace,contrast
chakravarty2026statespace,background
chen2026medchem,kinase
chen2026medchem,transporter
chen2026medchem,general-protein
chen2026medchem,cofolding
chen2026medchem,benchmark-only
chen2026medchem,ensemble
chen2026medchem,single-state
chen2026medchem,continuous-metric
chen2026medchem,binary-predicate
chen2026medchem,visual-metric
chen2026medchem,saturating-metric
chen2026medchem,design-level-oracle
chen2026medchem,prospective
chen2026medchem,anti-memorization
chen2026medchem,unpowered
chen2026medchem,confidence-as-discriminator
chen2026medchem,experimental-validation
chen2026medchem,ligand-driven
chen2026medchem,orthosteric
chen2026medchem,allosteric-site
chen2026medchem,cryptic-pocket
chen2026medchem,preprint
chen2026medchem,precedent
chen2026medchem,contrast
chen2026medchem,negative-result
chen2026medchem,comparator-numbers
chib2025gpcrstates,gpcr
chib2025gpcrstates,benchmark-only
chib2025gpcrstates,single-state
chib2025gpcrstates,rmsd-only
chib2025gpcrstates,continuous-metric
chib2025gpcrstates,saturating-metric
chib2025gpcrstates,design-level-oracle
chib2025gpcrstates,no-anti-memorization
chib2025gpcrstates,apo-sampling
chib2025gpcrstates,preprint
chib2025gpcrstates,precedent
chib2025gpcrstates,contrast
chib2025gpcrstates,negative-result
chib2025gpcrstates,comparator-numbers
chiesa2025templatebias,gpcr
chiesa2025templatebias,cofolding
chiesa2025templatebias,benchmark-only
chiesa2025templatebias,template-state-bias
chiesa2025templatebias,msa-state-filter
chiesa2025templatebias,msa-subsample
chiesa2025templatebias,templates-on
chiesa2025templatebias,state-annotated-input
chiesa2025templatebias,two-state
chiesa2025templatebias,single-state
chiesa2025templatebias,rmsd-only
chiesa2025templatebias,continuous-metric
chiesa2025templatebias,binary-predicate
chiesa2025templatebias,saturating-metric
chiesa2025templatebias,oracle-leak
chiesa2025templatebias,design-level-oracle
chiesa2025templatebias,prospective
chiesa2025templatebias,anti-memorization
chiesa2025templatebias,multi-backbone
chiesa2025templatebias,directed-state
chiesa2025templatebias,partner-driven
chiesa2025templatebias,ligand-driven
chiesa2025templatebias,orthosteric
chiesa2025templatebias,allosteric-site
chiesa2025templatebias,peer-reviewed
chiesa2025templatebias,precedent
chiesa2025templatebias,contrast
chiesa2025templatebias,comparator-numbers
chitsazi2025gpcrdock4,gpcr
chitsazi2025gpcrdock4,benchmark-only
chitsazi2025gpcrdock4,cofolding
chitsazi2025gpcrdock4,multi-backbone
chitsazi2025gpcrdock4,state-annotated-input
chitsazi2025gpcrdock4,single-state
chitsazi2025gpcrdock4,continuous-metric
chitsazi2025gpcrdock4,saturating-metric
chitsazi2025gpcrdock4,prospective
chitsazi2025gpcrdock4,anti-memorization
chitsazi2025gpcrdock4,unpowered
chitsazi2025gpcrdock4,confidence-as-discriminator
chitsazi2025gpcrdock4,peptide-driven
chitsazi2025gpcrdock4,apo-sampling
chitsazi2025gpcrdock4,orthosteric
chitsazi2025gpcrdock4,preprint
chitsazi2025gpcrdock4,precedent
chitsazi2025gpcrdock4,background
chitsazi2025gpcrdock4,comparator-numbers
ekstromkelvinius2024discriminator,enhanced-sampling
ekstromkelvinius2024discriminator,anti-memorization
ekstromkelvinius2024discriminator,peer-reviewed
ekstromkelvinius2024discriminator,background
feldman2026alphainterp,general-protein
feldman2026alphainterp,fold-switching
feldman2026alphainterp,latent-steering
feldman2026alphainterp,msa-subsample
feldman2026alphainterp,no-template-no-msa
feldman2026alphainterp,single-state
feldman2026alphainterp,rmsd-only
feldman2026alphainterp,continuous-metric
feldman2026alphainterp,saturating-metric
feldman2026alphainterp,oracle-leak
feldman2026alphainterp,design-level-oracle
feldman2026alphainterp,anti-memorization
feldman2026alphainterp,preprint
feldman2026alphainterp,precedent
feldman2026alphainterp,contrast
feldman2026alphainterp,negative-result
feldman2026alphainterp,comparator-numbers
ferguson2026deorphann,gpcr
ferguson2026deorphann,cofolding
ferguson2026deorphann,template-state-bias
ferguson2026deorphann,msa-state-filter
ferguson2026deorphann,templates-on
ferguson2026deorphann,state-annotated-input
ferguson2026deorphann,single-state
ferguson2026deorphann,binary-predicate
ferguson2026deorphann,continuous-metric
ferguson2026deorphann,saturating-metric
ferguson2026deorphann,oracle-leak
ferguson2026deorphann,design-level-oracle
ferguson2026deorphann,prospective
ferguson2026deorphann,anti-memorization
ferguson2026deorphann,unpowered
ferguson2026deorphann,confidence-as-discriminator
ferguson2026deorphann,experimental-validation
ferguson2026deorphann,directed-state
ferguson2026deorphann,peptide-driven
ferguson2026deorphann,orthosteric
ferguson2026deorphann,preprint
ferguson2026deorphann,precedent
ferguson2026deorphann,contrast
ferguson2026deorphann,negative-result
ferguson2026deorphann,comparator-numbers
georgiou2025heterogeneity,gpcr
georgiou2025heterogeneity,experimental
georgiou2025heterogeneity,ensemble
georgiou2025heterogeneity,continuum
georgiou2025heterogeneity,ligand-driven
georgiou2025heterogeneity,partner-driven
georgiou2025heterogeneity,g-protein-mimetic
georgiou2025heterogeneity,nanobody
georgiou2025heterogeneity,orthosteric
georgiou2025heterogeneity,allosteric-site
georgiou2025heterogeneity,peer-reviewed
georgiou2025heterogeneity,background
georgiou2025heterogeneity,comparator-numbers
gilson2025casp16,general-protein
gilson2025casp16,benchmark-only
gilson2025casp16,cofolding
gilson2025casp16,multi-backbone
gilson2025casp16,templates-on
gilson2025casp16,single-state
gilson2025casp16,continuous-metric
gilson2025casp16,binary-predicate
gilson2025casp16,saturating-metric
gilson2025casp16,prospective
gilson2025casp16,anti-memorization
gilson2025casp16,unpowered
gilson2025casp16,confidence-as-discriminator
gilson2025casp16,design-level-oracle
gilson2025casp16,orthosteric
gilson2025casp16,peer-reviewed
gilson2025casp16,precedent
gilson2025casp16,background
gilson2025casp16,comparator-numbers
heo2022multistate,gpcr
heo2022multistate,template-state-bias
heo2022multistate,msa-state-filter
heo2022multistate,templates-on
heo2022multistate,state-annotated-input
heo2022multistate,two-state
heo2022multistate,single-state
heo2022multistate,rmsd-only
heo2022multistate,binary-predicate
heo2022multistate,visual-metric
heo2022multistate,saturating-metric
heo2022multistate,oracle-leak
heo2022multistate,design-level-oracle
heo2022multistate,anti-memorization
heo2022multistate,multi-backbone
heo2022multistate,confidence-as-discriminator
heo2022multistate,directed-state
heo2022multistate,apo-sampling
heo2022multistate,orthosteric
heo2022multistate,peer-reviewed
heo2022multistate,precedent
heo2022multistate,contrast
heo2022multistate,comparator-numbers
hilger2020gcgr,gpcr
hilger2020gcgr,experimental
hilger2020gcgr,md
hilger2020gcgr,single-state
hilger2020gcgr,continuous-metric
hilger2020gcgr,visual-metric
hilger2020gcgr,ligand-driven
hilger2020gcgr,partner-driven
hilger2020gcgr,nanobody
hilger2020gcgr,apo-sampling
hilger2020gcgr,orthosteric
hilger2020gcgr,peer-reviewed
hilger2020gcgr,precedent
hilger2020gcgr,background
hilger2020gcgr,comparator-numbers
ingraham2023chroma,general-protein
ingraham2023chroma,directed-state
ingraham2023chroma,prospective
ingraham2023chroma,experimental-validation
ingraham2023chroma,peer-reviewed
ingraham2023chroma,background
jedryszek2026probing,general-protein
jedryszek2026probing,latent-steering
jedryszek2026probing,single-state
jedryszek2026probing,continuous-metric
jedryszek2026probing,binary-predicate
jedryszek2026probing,saturating-metric
jedryszek2026probing,no-anti-memorization
jedryszek2026probing,preprint
jedryszek2026probing,precedent
jedryszek2026probing,contrast
jedryszek2026probing,negative-result
jedryszek2026probing,comparator-numbers
jung2026boltzperturb,general-protein
jung2026boltzperturb,cofolding
jung2026boltzperturb,latent-steering
jung2026boltzperturb,msa-subsample
jung2026boltzperturb,ensemble
jung2026boltzperturb,single-state
jung2026boltzperturb,rmsd-only
jung2026boltzperturb,binary-predicate
jung2026boltzperturb,saturating-metric
jung2026boltzperturb,oracle-leak
jung2026boltzperturb,design-level-oracle
jung2026boltzperturb,anti-memorization
jung2026boltzperturb,unpowered
jung2026boltzperturb,confidence-as-discriminator
jung2026boltzperturb,orthosteric
jung2026boltzperturb,preprint
jung2026boltzperturb,threat
jung2026boltzperturb,precedent
jung2026boltzperturb,comparator-numbers
junker2026peptidedesign,gpcr
junker2026peptidedesign,benchmark-only
junker2026peptidedesign,cofolding
junker2026peptidedesign,templates-on
junker2026peptidedesign,single-state
junker2026peptidedesign,continuous-metric
junker2026peptidedesign,saturating-metric
junker2026peptidedesign,oracle-leak
junker2026peptidedesign,design-level-oracle
junker2026peptidedesign,anti-memorization
junker2026peptidedesign,confidence-as-discriminator
junker2026peptidedesign,multi-backbone
junker2026peptidedesign,seed-only
junker2026peptidedesign,orthosteric
junker2026peptidedesign,peer-reviewed
junker2026peptidedesign,precedent
junker2026peptidedesign,contrast
junker2026peptidedesign,negative-result
junker2026peptidedesign,comparator-numbers
kalakoti2025afsample2,general-protein
kalakoti2025afsample2,transporter
kalakoti2025afsample2,fold-switching
kalakoti2025afsample2,enhanced-sampling
kalakoti2025afsample2,msa-subsample
kalakoti2025afsample2,af-cluster
kalakoti2025afsample2,ensemble
kalakoti2025afsample2,two-state
kalakoti2025afsample2,continuous-metric
kalakoti2025afsample2,binary-predicate
kalakoti2025afsample2,saturating-metric
kalakoti2025afsample2,oracle-leak
kalakoti2025afsample2,design-level-oracle
kalakoti2025afsample2,no-anti-memorization
kalakoti2025afsample2,unpowered
kalakoti2025afsample2,confidence-as-discriminator
kalakoti2025afsample2,seed-only
kalakoti2025afsample2,peer-reviewed
kalakoti2025afsample2,precedent
kalakoti2025afsample2,contrast
kalakoti2025afsample2,comparator-numbers
kalakoti2026afsample3,general-protein
kalakoti2026afsample3,enhanced-sampling
kalakoti2026afsample3,msa-subsample
kalakoti2026afsample3,ensemble
kalakoti2026afsample3,two-state
kalakoti2026afsample3,continuous-metric
kalakoti2026afsample3,binary-predicate
kalakoti2026afsample3,saturating-metric
kalakoti2026afsample3,oracle-leak
kalakoti2026afsample3,design-level-oracle
kalakoti2026afsample3,no-anti-memorization
kalakoti2026afsample3,confidence-as-discriminator
kalakoti2026afsample3,seed-only
kalakoti2026afsample3,preprint
kalakoti2026afsample3,precedent
kalakoti2026afsample3,contrast
kalakoti2026afsample3,comparator-numbers
khaleq2026hyaline,gpcr
khaleq2026hyaline,binary-predicate
khaleq2026hyaline,saturating-metric
khaleq2026hyaline,anti-memorization
khaleq2026hyaline,design-level-oracle
khaleq2026hyaline,preprint
khaleq2026hyaline,precedent
khaleq2026hyaline,contrast
khaleq2026hyaline,comparator-numbers
kim2023refining,peer-reviewed
kim2023refining,background
kim2026mac1,general-protein
kim2026mac1,gpcr
kim2026mac1,cofolding
kim2026mac1,benchmark-only
kim2026mac1,multi-backbone
kim2026mac1,single-state
kim2026mac1,rmsd-only
kim2026mac1,binary-predicate
kim2026mac1,prospective
kim2026mac1,anti-memorization
kim2026mac1,design-level-oracle
kim2026mac1,confidence-as-discriminator
kim2026mac1,orthosteric
kim2026mac1,ligand-driven
kim2026mac1,preprint
kim2026mac1,comparator-numbers
kim2026mac1,precedent
kim2026mac1,contrast
kohlhoff2014gpcr,gpcr
kohlhoff2014gpcr,md
kohlhoff2014gpcr,enhanced-sampling
kohlhoff2014gpcr,af-cluster
kohlhoff2014gpcr,ensemble
kohlhoff2014gpcr,continuum
kohlhoff2014gpcr,continuous-metric
kohlhoff2014gpcr,ligand-driven
kohlhoff2014gpcr,apo-sampling
kohlhoff2014gpcr,orthosteric
kohlhoff2014gpcr,design-level-oracle
kohlhoff2014gpcr,peer-reviewed
kohlhoff2014gpcr,background
kohlhoff2014gpcr,precedent
kohlhoff2014gpcr,comparator-numbers
krishna2024rfaa,general-protein
krishna2024rfaa,cofolding
krishna2024rfaa,templates-on
krishna2024rfaa,single-state
krishna2024rfaa,binary-predicate
krishna2024rfaa,continuous-metric
krishna2024rfaa,rmsd-only
krishna2024rfaa,visual-metric
krishna2024rfaa,oracle-leak
krishna2024rfaa,design-level-oracle
krishna2024rfaa,prospective
krishna2024rfaa,anti-memorization
krishna2024rfaa,confidence-as-discriminator
krishna2024rfaa,multi-backbone
krishna2024rfaa,experimental-validation
krishna2024rfaa,ligand-driven
krishna2024rfaa,preprint
krishna2024rfaa,precedent
krishna2024rfaa,background
krishna2024rfaa,comparator-numbers
ku2026promise,general-protein
ku2026promise,benchmark-only
ku2026promise,multi-backbone
ku2026promise,md-emulator
ku2026promise,ensemble
ku2026promise,single-state
ku2026promise,binary-predicate
ku2026promise,continuous-metric
ku2026promise,rmsd-only
ku2026promise,saturating-metric
ku2026promise,design-level-oracle
ku2026promise,no-anti-memorization
ku2026promise,unpowered
ku2026promise,confidence-as-discriminator
ku2026promise,ligand-driven
ku2026promise,partner-driven
ku2026promise,apo-sampling
ku2026promise,orthosteric
ku2026promise,preprint
ku2026promise,precedent
ku2026promise,threat
ku2026promise,negative-result
ku2026promise,comparator-numbers
lam2026metadiffusion,general-protein
lam2026metadiffusion,periplasmic-binding
lam2026metadiffusion,cofolding
lam2026metadiffusion,enhanced-sampling
lam2026metadiffusion,ensemble
lam2026metadiffusion,continuous-metric
lam2026metadiffusion,visual-metric
lam2026metadiffusion,saturating-metric
lam2026metadiffusion,design-level-oracle
lam2026metadiffusion,no-anti-memorization
lam2026metadiffusion,directed-state
lam2026metadiffusion,preprint
lam2026metadiffusion,precedent
lam2026metadiffusion,contrast
lam2026metadiffusion,comparator-numbers
lazou2026cryptic,general-protein
lazou2026cryptic,kinase
lazou2026cryptic,cofolding
lazou2026cryptic,benchmark-only
lazou2026cryptic,ensemble
lazou2026cryptic,single-state
lazou2026cryptic,binary-predicate
lazou2026cryptic,rmsd-only
lazou2026cryptic,saturating-metric
lazou2026cryptic,oracle-leak
lazou2026cryptic,design-level-oracle
lazou2026cryptic,anti-memorization
lazou2026cryptic,unpowered
lazou2026cryptic,confidence-as-discriminator
lazou2026cryptic,directed-state
lazou2026cryptic,ligand-driven
lazou2026cryptic,apo-sampling
lazou2026cryptic,cryptic-pocket
lazou2026cryptic,orthosteric
lazou2026cryptic,peer-reviewed
lazou2026cryptic,precedent
lazou2026cryptic,contrast
lazou2026cryptic,negative-result
lazou2026cryptic,comparator-numbers
lee2025seqassoc,general-protein
lee2025seqassoc,fold-switching
lee2025seqassoc,transporter
lee2025seqassoc,periplasmic-binding
lee2025seqassoc,msa-subsample
lee2025seqassoc,no-template-no-msa
lee2025seqassoc,state-annotated-input
lee2025seqassoc,two-state
lee2025seqassoc,ensemble
lee2025seqassoc,continuous-metric
lee2025seqassoc,binary-predicate
lee2025seqassoc,visual-metric
lee2025seqassoc,saturating-metric
lee2025seqassoc,oracle-leak
lee2025seqassoc,design-level-oracle
lee2025seqassoc,prospective
lee2025seqassoc,no-anti-memorization
lee2025seqassoc,confidence-as-discriminator
lee2025seqassoc,peer-reviewed
lee2025seqassoc,precedent
lee2025seqassoc,contrast
lee2025seqassoc,comparator-numbers
lee2026confornets,gpcr
lee2026confornets,kinase
lee2026confornets,transporter
lee2026confornets,fold-switching
lee2026confornets,general-protein
lee2026confornets,latent-steering
lee2026confornets,state-annotated-input
lee2026confornets,ensemble
lee2026confornets,two-state
lee2026confornets,single-state
lee2026confornets,rmsd-only
lee2026confornets,binary-predicate
lee2026confornets,continuous-metric
lee2026confornets,saturating-metric
lee2026confornets,oracle-leak
lee2026confornets,design-level-oracle
lee2026confornets,anti-memorization
lee2026confornets,unpowered
lee2026confornets,directed-state
lee2026confornets,apo-sampling
lee2026confornets,cryptic-pocket
lee2026confornets,preprint
lee2026confornets,precedent
lee2026confornets,contrast
lee2026confornets,comparator-numbers
lee2026foldswitch,fold-switching
lee2026foldswitch,general-protein
lee2026foldswitch,af-cluster
lee2026foldswitch,msa-subsample
lee2026foldswitch,cofolding
lee2026foldswitch,md
lee2026foldswitch,enhanced-sampling
lee2026foldswitch,md-emulator
lee2026foldswitch,benchmark-only
lee2026foldswitch,no-template-no-msa
lee2026foldswitch,two-state
lee2026foldswitch,single-state
lee2026foldswitch,continuous-metric
lee2026foldswitch,visual-metric
lee2026foldswitch,design-level-oracle
lee2026foldswitch,anti-memorization
lee2026foldswitch,unpowered
lee2026foldswitch,multi-backbone
lee2026foldswitch,seed-only
lee2026foldswitch,peer-reviewed
lee2026foldswitch,contrast
lee2026foldswitch,background
lee2026foldswitch,negative-result
lee2026foldswitch,comparator-numbers
lewis2025bioemu,general-protein
lewis2025bioemu,kinase
lewis2025bioemu,periplasmic-binding
lewis2025bioemu,md-emulator
lewis2025bioemu,ensemble
lewis2025bioemu,continuum
lewis2025bioemu,continuous-metric
lewis2025bioemu,binary-predicate
lewis2025bioemu,rmsd-only
lewis2025bioemu,saturating-metric
lewis2025bioemu,oracle-leak
lewis2025bioemu,design-level-oracle
lewis2025bioemu,anti-memorization
lewis2025bioemu,unpowered
lewis2025bioemu,apo-sampling
lewis2025bioemu,cryptic-pocket
lewis2025bioemu,preprint
lewis2025bioemu,precedent
lewis2025bioemu,contrast
lewis2025bioemu,comparator-numbers
li2026embedding,general-protein
li2026embedding,latent-steering
li2026embedding,single-state
li2026embedding,binary-predicate
li2026embedding,continuous-metric
li2026embedding,saturating-metric
li2026embedding,oracle-leak
li2026embedding,design-level-oracle
li2026embedding,no-anti-memorization
li2026embedding,directed-state
li2026embedding,preprint
li2026embedding,precedent
li2026embedding,contrast
li2026embedding,comparator-numbers
liu2026ensembletests,general-protein
liu2026ensembletests,benchmark-only
liu2026ensembletests,md
liu2026ensembletests,md-emulator
liu2026ensembletests,ensemble
liu2026ensembletests,continuum
liu2026ensembletests,binary-predicate
liu2026ensembletests,continuous-metric
liu2026ensembletests,saturating-metric
liu2026ensembletests,oracle-leak
liu2026ensembletests,prospective
liu2026ensembletests,anti-memorization
liu2026ensembletests,preprint
liu2026ensembletests,threat
liu2026ensembletests,background
liu2026ensembletests,negative-result
liu2026ensembletests,comparator-numbers
lu2026twostages,general-protein
lu2026twostages,latent-steering
lu2026twostages,single-state
lu2026twostages,binary-predicate
lu2026twostages,continuous-metric
lu2026twostages,saturating-metric
lu2026twostages,design-level-oracle
lu2026twostages,no-anti-memorization
lu2026twostages,multi-backbone
lu2026twostages,directed-state
lu2026twostages,preprint
lu2026twostages,precedent
lu2026twostages,contrast
lu2026twostages,comparator-numbers
masters2025physics,kinase
masters2025physics,general-protein
masters2025physics,cofolding
masters2025physics,benchmark-only
masters2025physics,md
masters2025physics,enhanced-sampling
masters2025physics,templates-on
masters2025physics,single-state
masters2025physics,binary-predicate
masters2025physics,rmsd-only
masters2025physics,visual-metric
masters2025physics,saturating-metric
masters2025physics,oracle-leak
masters2025physics,design-level-oracle
masters2025physics,anti-memorization
masters2025physics,unpowered
masters2025physics,confidence-as-discriminator
masters2025physics,multi-backbone
masters2025physics,orthosteric
masters2025physics,peer-reviewed
masters2025physics,contrast
masters2025physics,threat
masters2025physics,negative-result
masters2025physics,comparator-numbers
matic2023gpcrome,gpcr
matic2023gpcrome,cofolding
matic2023gpcrome,benchmark-only
matic2023gpcrome,templates-on
matic2023gpcrome,single-state
matic2023gpcrome,continuous-metric
matic2023gpcrome,oracle-leak
matic2023gpcrome,design-level-oracle
matic2023gpcrome,no-anti-memorization
matic2023gpcrome,confidence-as-discriminator
matic2023gpcrome,experimental-validation
matic2023gpcrome,partner-driven
matic2023gpcrome,peer-reviewed
matic2023gpcrome,background
matic2023gpcrome,contrast
matic2023gpcrome,comparator-numbers
mattsson2026leakage,general-protein
mattsson2026leakage,kinase
mattsson2026leakage,gpcr
mattsson2026leakage,benchmark-only
mattsson2026leakage,continuous-metric
mattsson2026leakage,saturating-metric
mattsson2026leakage,anti-memorization
mattsson2026leakage,design-level-oracle
mattsson2026leakage,preprint
mattsson2026leakage,threat
mattsson2026leakage,precedent
mattsson2026leakage,negative-result
mattsson2026leakage,comparator-numbers
miglionico2026atlas,gpcr
miglionico2026atlas,cofolding
miglionico2026atlas,templates-on
miglionico2026atlas,single-state
miglionico2026atlas,binary-predicate
miglionico2026atlas,continuous-metric
miglionico2026atlas,visual-metric
miglionico2026atlas,saturating-metric
miglionico2026atlas,oracle-leak
miglionico2026atlas,design-level-oracle
miglionico2026atlas,prospective
miglionico2026atlas,anti-memorization
miglionico2026atlas,confidence-as-discriminator
miglionico2026atlas,experimental-validation
miglionico2026atlas,partner-driven
miglionico2026atlas,preprint
miglionico2026atlas,precedent
miglionico2026atlas,contrast
miglionico2026atlas,comparator-numbers
migliorini2026pairsae,general-protein
migliorini2026pairsae,cofolding
migliorini2026pairsae,preprint
migliorini2026pairsae,anti-memorization
migliorini2026pairsae,background
migliorini2026pairsae,precedent
mitjavila2026afsample2t,gpcr
mitjavila2026afsample2t,msa-subsample
mitjavila2026afsample2t,two-state
mitjavila2026afsample2t,ensemble
mitjavila2026afsample2t,rmsd-only
mitjavila2026afsample2t,continuous-metric
mitjavila2026afsample2t,saturating-metric
mitjavila2026afsample2t,oracle-leak
mitjavila2026afsample2t,design-level-oracle
mitjavila2026afsample2t,no-anti-memorization
mitjavila2026afsample2t,unpowered
mitjavila2026afsample2t,directed-state
mitjavila2026afsample2t,partner-driven
mitjavila2026afsample2t,apo-sampling
mitjavila2026afsample2t,orthosteric
mitjavila2026afsample2t,peer-reviewed
mitjavila2026afsample2t,precedent
mitjavila2026afsample2t,contrast
mitjavila2026afsample2t,comparator-numbers
nittinger2025cofolding,general-protein
nittinger2025cofolding,kinase
nittinger2025cofolding,cofolding
nittinger2025cofolding,benchmark-only
nittinger2025cofolding,multi-backbone
nittinger2025cofolding,single-state
nittinger2025cofolding,rmsd-only
nittinger2025cofolding,binary-predicate
nittinger2025cofolding,design-level-oracle
nittinger2025cofolding,no-anti-memorization
nittinger2025cofolding,ligand-driven
nittinger2025cofolding,orthosteric
nittinger2025cofolding,allosteric-site
nittinger2025cofolding,allosteric-failure
nittinger2025cofolding,peer-reviewed
nittinger2025cofolding,precedent
nittinger2025cofolding,contrast
nittinger2025cofolding,negative-result
obendorf2026statespecific,kinase
obendorf2026statespecific,gpcr
obendorf2026statespecific,cofolding
obendorf2026statespecific,msa-state-filter
obendorf2026statespecific,template-state-bias
obendorf2026statespecific,benchmark-only
obendorf2026statespecific,single-state
obendorf2026statespecific,binary-predicate
obendorf2026statespecific,rmsd-only
obendorf2026statespecific,saturating-metric
obendorf2026statespecific,oracle-leak
obendorf2026statespecific,no-anti-memorization
obendorf2026statespecific,unpowered
obendorf2026statespecific,confidence-as-discriminator
obendorf2026statespecific,multi-backbone
obendorf2026statespecific,ligand-driven
obendorf2026statespecific,orthosteric
obendorf2026statespecific,allosteric-site
obendorf2026statespecific,cryptic-pocket
obendorf2026statespecific,preprint
obendorf2026statespecific,precedent
obendorf2026statespecific,contrast
obendorf2026statespecific,negative-result
obendorf2026statespecific,comparator-numbers
paajanen2026activation,gpcr
paajanen2026activation,experimental
paajanen2026activation,state-annotated-input
paajanen2026activation,two-state
paajanen2026activation,continuous-metric
paajanen2026activation,binary-predicate
paajanen2026activation,visual-metric
paajanen2026activation,oracle-leak
paajanen2026activation,design-level-oracle
paajanen2026activation,prospective
paajanen2026activation,anti-memorization
paajanen2026activation,orthosteric
paajanen2026activation,preprint
paajanen2026activation,precedent
paajanen2026activation,contrast
paajanen2026activation,comparator-numbers
pandyszekeres2024gproteindb,gpcr
pandyszekeres2024gproteindb,cofolding
pandyszekeres2024gproteindb,templates-on
pandyszekeres2024gproteindb,single-state
pandyszekeres2024gproteindb,oracle-leak
pandyszekeres2024gproteindb,design-level-oracle
pandyszekeres2024gproteindb,no-anti-memorization
pandyszekeres2024gproteindb,confidence-as-discriminator
pandyszekeres2024gproteindb,partner-driven
pandyszekeres2024gproteindb,peer-reviewed
pandyszekeres2024gproteindb,background
pandyszekeres2024gproteindb,precedent
pandyszekeres2024gproteindb,comparator-numbers
parikh2026allosteric,general-protein
parikh2026allosteric,kinase
parikh2026allosteric,benchmark-only
parikh2026allosteric,cofolding
parikh2026allosteric,multi-backbone
parikh2026allosteric,templates-on
parikh2026allosteric,ensemble
parikh2026allosteric,single-state
parikh2026allosteric,binary-predicate
parikh2026allosteric,continuous-metric
parikh2026allosteric,saturating-metric
parikh2026allosteric,visual-metric
parikh2026allosteric,oracle-leak
parikh2026allosteric,design-level-oracle
parikh2026allosteric,no-anti-memorization
parikh2026allosteric,ligand-driven
parikh2026allosteric,seed-only
parikh2026allosteric,orthosteric
parikh2026allosteric,allosteric-site
parikh2026allosteric,cryptic-pocket
parikh2026allosteric,allosteric-failure
parikh2026allosteric,preprint
parikh2026allosteric,precedent
parikh2026allosteric,contrast
parikh2026allosteric,negative-result
parikh2026allosteric,comparator-numbers
passaro2025boltz2,general-protein
passaro2025boltz2,kinase
passaro2025boltz2,cofolding
passaro2025boltz2,latent-steering
passaro2025boltz2,ensemble
passaro2025boltz2,single-state
passaro2025boltz2,binary-predicate
passaro2025boltz2,continuous-metric
passaro2025boltz2,saturating-metric
passaro2025boltz2,anti-memorization
passaro2025boltz2,design-level-oracle
passaro2025boltz2,prospective
passaro2025boltz2,confidence-as-discriminator
passaro2025boltz2,multi-backbone
passaro2025boltz2,unpowered
passaro2025boltz2,orthosteric
passaro2025boltz2,preprint
passaro2025boltz2,background
passaro2025boltz2,precedent
passaro2025boltz2,comparator-numbers
protenix2025,general-protein
protenix2025,cofolding
protenix2025,single-state
protenix2025,continuous-metric
protenix2025,saturating-metric
protenix2025,anti-memorization
protenix2025,confidence-as-discriminator
protenix2025,multi-backbone
protenix2025,seed-only
protenix2025,preprint
protenix2025,background
protenix2025,precedent
protenix2025,comparator-numbers
protenix2026v2,general-protein
protenix2026v2,gpcr
protenix2026v2,cofolding
protenix2026v2,single-state
protenix2026v2,binary-predicate
protenix2026v2,saturating-metric
protenix2026v2,design-level-oracle
protenix2026v2,prospective
protenix2026v2,anti-memorization
protenix2026v2,unpowered
protenix2026v2,confidence-as-discriminator
protenix2026v2,multi-backbone
protenix2026v2,experimental-validation
protenix2026v2,preprint
protenix2026v2,background
protenix2026v2,contrast
protenix2026v2,comparator-numbers
purnomo2026cafe,kinase
purnomo2026cafe,general-protein
purnomo2026cafe,cofolding
purnomo2026cafe,md
purnomo2026cafe,ensemble
purnomo2026cafe,single-state
purnomo2026cafe,binary-predicate
purnomo2026cafe,continuous-metric
purnomo2026cafe,saturating-metric
purnomo2026cafe,oracle-leak
purnomo2026cafe,design-level-oracle
purnomo2026cafe,no-anti-memorization
purnomo2026cafe,unpowered
purnomo2026cafe,confidence-as-discriminator
purnomo2026cafe,ligand-driven
purnomo2026cafe,orthosteric
purnomo2026cafe,allosteric-site
purnomo2026cafe,cryptic-pocket
purnomo2026cafe,allosteric-failure
purnomo2026cafe,preprint
purnomo2026cafe,precedent
purnomo2026cafe,contrast
purnomo2026cafe,negative-result
purnomo2026cafe,comparator-numbers
richman2025conformix,general-protein
richman2025conformix,transporter
richman2025conformix,fold-switching
richman2025conformix,cryptic-pocket
richman2025conformix,cofolding
richman2025conformix,enhanced-sampling
richman2025conformix,md-emulator
richman2025conformix,msa-subsample
richman2025conformix,af-cluster
richman2025conformix,ensemble
richman2025conformix,continuum
richman2025conformix,rmsd-only
richman2025conformix,continuous-metric
richman2025conformix,binary-predicate
richman2025conformix,saturating-metric
richman2025conformix,design-level-oracle
richman2025conformix,oracle-leak
richman2025conformix,no-anti-memorization
richman2025conformix,multi-backbone
richman2025conformix,directed-state
richman2025conformix,confidence-as-discriminator
richman2025conformix,peer-reviewed
richman2025conformix,precedent
richman2025conformix,contrast
richman2025conformix,comparator-numbers
roehrig2026docking,general-protein
roehrig2026docking,cofolding
roehrig2026docking,benchmark-only
roehrig2026docking,single-state
roehrig2026docking,binary-predicate
roehrig2026docking,continuous-metric
roehrig2026docking,oracle-leak
roehrig2026docking,design-level-oracle
roehrig2026docking,anti-memorization
roehrig2026docking,preprint
roehrig2026docking,contrast
roehrig2026docking,precedent
roehrig2026docking,negative-result
roehrig2026docking,comparator-numbers
schafer2025confounds,general-protein
schafer2025confounds,fold-switching
schafer2025confounds,msa-subsample
schafer2025confounds,af-cluster
schafer2025confounds,benchmark-only
schafer2025confounds,ensemble
schafer2025confounds,two-state
schafer2025confounds,binary-predicate
schafer2025confounds,continuous-metric
schafer2025confounds,visual-metric
schafer2025confounds,saturating-metric
schafer2025confounds,oracle-leak
schafer2025confounds,design-level-oracle
schafer2025confounds,confidence-as-discriminator
schafer2025confounds,anti-memorization
schafer2025confounds,unpowered
schafer2025confounds,preprint
schafer2025confounds,precedent
schafer2025confounds,contrast
schafer2025confounds,negative-result
schafer2025confounds,comparator-numbers
singh2026moredata,general-protein
singh2026moredata,experimental
singh2026moredata,continuous-metric
singh2026moredata,visual-metric
singh2026moredata,saturating-metric
singh2026moredata,prospective
singh2026moredata,anti-memorization
singh2026moredata,unpowered
singh2026moredata,design-level-oracle
singh2026moredata,peer-reviewed
singh2026moredata,background
singh2026moredata,contrast
singh2026moredata,negative-result
singh2026moredata,comparator-numbers
singhal2025fksteering,peer-reviewed
singhal2025fksteering,background
skrinjar2026generalization,general-protein
skrinjar2026generalization,cofolding
skrinjar2026generalization,benchmark-only
skrinjar2026generalization,templates-on
skrinjar2026generalization,single-state
skrinjar2026generalization,ensemble
skrinjar2026generalization,continuous-metric
skrinjar2026generalization,binary-predicate
skrinjar2026generalization,saturating-metric
skrinjar2026generalization,anti-memorization
skrinjar2026generalization,multi-backbone
skrinjar2026generalization,confidence-as-discriminator
skrinjar2026generalization,prospective
skrinjar2026generalization,oracle-leak
skrinjar2026generalization,seed-only
skrinjar2026generalization,preprint
skrinjar2026generalization,precedent
skrinjar2026generalization,threat
skrinjar2026generalization,negative-result
skrinjar2026generalization,comparator-numbers
stein2022speachaf,transporter
stein2022speachaf,gpcr
stein2022speachaf,periplasmic-binding
stein2022speachaf,general-protein
stein2022speachaf,ensemble
stein2022speachaf,two-state
stein2022speachaf,continuous-metric
stein2022speachaf,visual-metric
stein2022speachaf,oracle-leak
stein2022speachaf,design-level-oracle
stein2022speachaf,anti-memorization
stein2022speachaf,unpowered
stein2022speachaf,directed-state
stein2022speachaf,apo-sampling
stein2022speachaf,seed-only
stein2022speachaf,peer-reviewed
stein2022speachaf,precedent
stein2022speachaf,contrast
stein2022speachaf,comparator-numbers
sun2026kinconfbench,kinase
sun2026kinconfbench,cofolding
sun2026kinconfbench,benchmark-only
sun2026kinconfbench,multi-backbone
sun2026kinconfbench,ensemble
sun2026kinconfbench,single-state
sun2026kinconfbench,binary-predicate
sun2026kinconfbench,continuous-metric
sun2026kinconfbench,saturating-metric
sun2026kinconfbench,oracle-leak
sun2026kinconfbench,design-level-oracle
sun2026kinconfbench,anti-memorization
sun2026kinconfbench,unpowered
sun2026kinconfbench,confidence-as-discriminator
sun2026kinconfbench,ligand-driven
sun2026kinconfbench,seed-only
sun2026kinconfbench,apo-sampling
sun2026kinconfbench,orthosteric
sun2026kinconfbench,preprint
sun2026kinconfbench,precedent
sun2026kinconfbench,background
sun2026kinconfbench,negative-result
sun2026kinconfbench,comparator-numbers
suzuki2026conforflux,general-protein
suzuki2026conforflux,transporter
suzuki2026conforflux,fold-switching
suzuki2026conforflux,cryptic-pocket
suzuki2026conforflux,latent-steering
suzuki2026conforflux,msa-subsample
suzuki2026conforflux,af-cluster
suzuki2026conforflux,md-emulator
suzuki2026conforflux,ensemble
suzuki2026conforflux,two-state
suzuki2026conforflux,binary-predicate
suzuki2026conforflux,continuous-metric
suzuki2026conforflux,saturating-metric
suzuki2026conforflux,oracle-leak
suzuki2026conforflux,design-level-oracle
suzuki2026conforflux,anti-memorization
suzuki2026conforflux,preprint
suzuki2026conforflux,precedent
suzuki2026conforflux,contrast
suzuki2026conforflux,negative-result
suzuki2026conforflux,comparator-numbers
suzuki2026pairscaling,general-protein
suzuki2026pairscaling,transporter
suzuki2026pairscaling,cofolding
suzuki2026pairscaling,latent-steering
suzuki2026pairscaling,msa-subsample
suzuki2026pairscaling,af-cluster
suzuki2026pairscaling,two-state
suzuki2026pairscaling,ensemble
suzuki2026pairscaling,continuous-metric
suzuki2026pairscaling,binary-predicate
suzuki2026pairscaling,saturating-metric
suzuki2026pairscaling,oracle-leak
suzuki2026pairscaling,no-anti-memorization
suzuki2026pairscaling,confidence-as-discriminator
suzuki2026pairscaling,preprint
suzuki2026pairscaling,precedent
suzuki2026pairscaling,contrast
suzuki2026pairscaling,comparator-numbers
swapna2025memorization,transporter
swapna2025memorization,template-state-bias
swapna2025memorization,msa-subsample
swapna2025memorization,enhanced-sampling
swapna2025memorization,benchmark-only
swapna2025memorization,templates-on
swapna2025memorization,state-annotated-input
swapna2025memorization,no-template-no-msa
swapna2025memorization,two-state
swapna2025memorization,single-state
swapna2025memorization,continuous-metric
swapna2025memorization,visual-metric
swapna2025memorization,saturating-metric
swapna2025memorization,oracle-leak
swapna2025memorization,design-level-oracle
swapna2025memorization,anti-memorization
swapna2025memorization,unpowered
swapna2025memorization,confidence-as-discriminator
swapna2025memorization,multi-backbone
swapna2025memorization,directed-state
swapna2025memorization,peer-reviewed
swapna2025memorization,precedent
swapna2025memorization,contrast
swapna2025memorization,negative-result
swapna2025memorization,comparator-numbers
tang2026steeraf,transporter
tang2026steeraf,fold-switching
tang2026steeraf,general-protein
tang2026steeraf,gpcr
tang2026steeraf,latent-steering
tang2026steeraf,md
tang2026steeraf,templates-on
tang2026steeraf,ensemble
tang2026steeraf,two-state
tang2026steeraf,continuous-metric
tang2026steeraf,binary-predicate
tang2026steeraf,saturating-metric
tang2026steeraf,oracle-leak
tang2026steeraf,design-level-oracle
tang2026steeraf,no-anti-memorization
tang2026steeraf,multi-backbone
tang2026steeraf,preprint
tang2026steeraf,threat
tang2026steeraf,contrast
tang2026steeraf,comparator-numbers
tejero2024opsin,gpcr
tejero2024opsin,experimental
tejero2024opsin,single-state
tejero2024opsin,orthosteric
tejero2024opsin,directed-state
tejero2024opsin,ligand-driven
tejero2024opsin,partner-driven
tejero2024opsin,continuous-metric
tejero2024opsin,visual-metric
tejero2024opsin,design-level-oracle
tejero2024opsin,peer-reviewed
tejero2024opsin,precedent
tejero2024opsin,background
tejero2024opsin,comparator-numbers
tran2026nanogs,gpcr
tran2026nanogs,experimental
tran2026nanogs,md
tran2026nanogs,enhanced-sampling
tran2026nanogs,two-state
tran2026nanogs,continuous-metric
tran2026nanogs,saturating-metric
tran2026nanogs,prospective
tran2026nanogs,directed-state
tran2026nanogs,peptide-driven
tran2026nanogs,ligand-driven
tran2026nanogs,g-protein-mimetic
tran2026nanogs,nanobody
tran2026nanogs,allosteric-site
tran2026nanogs,peer-reviewed
tran2026nanogs,precedent
tran2026nanogs,background
vo2026fiducials,gpcr
vo2026fiducials,experimental
vo2026fiducials,cofolding
vo2026fiducials,md
vo2026fiducials,msa-subsample
vo2026fiducials,template-state-bias
vo2026fiducials,ensemble
vo2026fiducials,two-state
vo2026fiducials,visual-metric
vo2026fiducials,continuous-metric
vo2026fiducials,templates-on
vo2026fiducials,state-annotated-input
vo2026fiducials,prospective
vo2026fiducials,design-level-oracle
vo2026fiducials,unpowered
vo2026fiducials,confidence-as-discriminator
vo2026fiducials,multi-backbone
vo2026fiducials,experimental-validation
vo2026fiducials,ligand-driven
vo2026fiducials,partner-driven
vo2026fiducials,orthosteric
vo2026fiducials,preprint
vo2026fiducials,precedent
vo2026fiducials,contrast
vo2026fiducials,comparator-numbers
wallner2023afsample,general-protein
wallner2023afsample,enhanced-sampling
wallner2023afsample,templates-on
wallner2023afsample,ensemble
wallner2023afsample,single-state
wallner2023afsample,continuous-metric
wallner2023afsample,prospective
wallner2023afsample,anti-memorization
wallner2023afsample,unpowered
wallner2023afsample,confidence-as-discriminator
wallner2023afsample,seed-only
wallner2023afsample,peer-reviewed
wallner2023afsample,precedent
wallner2023afsample,contrast
wallner2023afsample,comparator-numbers
waymentsteele2024cluster,general-protein
waymentsteele2024cluster,af-cluster
waymentsteele2024cluster,msa-subsample
waymentsteele2024cluster,two-state
waymentsteele2024cluster,ensemble
waymentsteele2024cluster,rmsd-only
waymentsteele2024cluster,binary-predicate
waymentsteele2024cluster,saturating-metric
waymentsteele2024cluster,oracle-leak
waymentsteele2024cluster,prospective
waymentsteele2024cluster,no-anti-memorization
waymentsteele2024cluster,confidence-as-discriminator
waymentsteele2024cluster,peer-reviewed
waymentsteele2024cluster,precedent
waymentsteele2024cluster,contrast
waymentsteele2024cluster,comparator-numbers
waymentsteele2025reply,fold-switching
waymentsteele2025reply,general-protein
waymentsteele2025reply,af-cluster
waymentsteele2025reply,msa-subsample
waymentsteele2025reply,benchmark-only
waymentsteele2025reply,two-state
waymentsteele2025reply,ensemble
waymentsteele2025reply,continuous-metric
waymentsteele2025reply,binary-predicate
waymentsteele2025reply,visual-metric
waymentsteele2025reply,oracle-leak
waymentsteele2025reply,design-level-oracle
waymentsteele2025reply,anti-memorization
waymentsteele2025reply,unpowered
waymentsteele2025reply,preprint
waymentsteele2025reply,contrast
waymentsteele2025reply,background
wohlwend2024boltz1,general-protein
wohlwend2024boltz1,cofolding
wohlwend2024boltz1,single-state
wohlwend2024boltz1,continuous-metric
wohlwend2024boltz1,binary-predicate
wohlwend2024boltz1,saturating-metric
wohlwend2024boltz1,anti-memorization
wohlwend2024boltz1,multi-backbone
wohlwend2024boltz1,preprint
wohlwend2024boltz1,background
wohlwend2024boltz1,precedent
wohlwend2024boltz1,comparator-numbers
wu2023tds,general-protein
wu2023tds,enhanced-sampling
wu2023tds,no-anti-memorization
wu2023tds,oracle-leak
wu2023tds,design-level-oracle
wu2023tds,peer-reviewed
wu2023tds,background
yang2025statespecific,gpcr
yang2025statespecific,cofolding
yang2025statespecific,template-state-bias
yang2025statespecific,templates-on
yang2025statespecific,state-annotated-input
yang2025statespecific,two-state
yang2025statespecific,binary-predicate
yang2025statespecific,continuous-metric
yang2025statespecific,visual-metric
yang2025statespecific,saturating-metric
yang2025statespecific,oracle-leak
yang2025statespecific,design-level-oracle
yang2025statespecific,prospective
yang2025statespecific,anti-memorization
yang2025statespecific,confidence-as-discriminator
yang2025statespecific,experimental-validation
yang2025statespecific,directed-state
yang2025statespecific,orthosteric
yang2025statespecific,peer-reviewed
yang2025statespecific,precedent
yang2025statespecific,contrast
yang2025statespecific,comparator-numbers
ye2026multistatebias,gpcr
ye2026multistatebias,transporter
ye2026multistatebias,general-protein
ye2026multistatebias,benchmark-only
ye2026multistatebias,cofolding
ye2026multistatebias,af-cluster
ye2026multistatebias,msa-subsample
ye2026multistatebias,ensemble
ye2026multistatebias,single-state
ye2026multistatebias,rmsd-only
ye2026multistatebias,continuous-metric
ye2026multistatebias,saturating-metric
ye2026multistatebias,oracle-leak
ye2026multistatebias,no-anti-memorization
ye2026multistatebias,multi-backbone
ye2026multistatebias,directed-state
ye2026multistatebias,partner-driven
ye2026multistatebias,ligand-driven
ye2026multistatebias,apo-sampling
ye2026multistatebias,orthosteric
ye2026multistatebias,preprint
ye2026multistatebias,precedent
ye2026multistatebias,contrast
ye2026multistatebias,negative-result
ye2026multistatebias,comparator-numbers
yu2026domainmotion,general-protein
yu2026domainmotion,cofolding
yu2026domainmotion,benchmark-only
yu2026domainmotion,ensemble
yu2026domainmotion,two-state
yu2026domainmotion,rmsd-only
yu2026domainmotion,continuous-metric
yu2026domainmotion,no-template-no-msa
yu2026domainmotion,design-level-oracle
yu2026domainmotion,anti-memorization
yu2026domainmotion,multi-backbone
yu2026domainmotion,ligand-driven
yu2026domainmotion,directed-state
yu2026domainmotion,confidence-as-discriminator
yu2026domainmotion,seed-only
yu2026domainmotion,peer-reviewed
yu2026domainmotion,threat
yu2026domainmotion,precedent
yu2026domainmotion,negative-result
yu2026domainmotion,comparator-numbers
zhang2026generalization,gpcr
zhang2026generalization,cofolding
zhang2026generalization,benchmark-only
zhang2026generalization,md
zhang2026generalization,ensemble
zhang2026generalization,single-state
zhang2026generalization,rmsd-only
zhang2026generalization,saturating-metric
zhang2026generalization,oracle-leak
zhang2026generalization,design-level-oracle
zhang2026generalization,anti-memorization
zhang2026generalization,confidence-as-discriminator
zhang2026generalization,partner-driven
zhang2026generalization,orthosteric
zhang2026generalization,allosteric-site
zhang2026generalization,allosteric-failure
zhang2026generalization,peer-reviewed
zhang2026generalization,precedent
zhang2026generalization,threat
zhang2026generalization,negative-result
zhang2026generalization,comparator-numbers
