receptor_slug	cluster	decoy_status	reason	n_eligible	n_accepted	draw_rank	candidate_chembl_id	candidate_name	smiles	inchikey	mw	clogp	tpsa	hbd	hba	rot	rings	charge	max_tanimoto	max_intra_draw_tanimoto	n_real_ligands_screened	ref_ligand_name	ref_ligand_source	ref_smiles	ref_mw	ref_clogp	ref_tpsa	ref_hbd	ref_hba	ref_rot	ref_rings	ref_charge	draw_seed	receptor_seed	k_requested	clogp_window	diversity_max	chembl_release	pool_scope	rule
5HT5A	001_001_001	accepted		111093	8	1	CHEMBL1490875		N=C(N)SCCc1c[nH]cn1	PEHSVUKQDJULKE-UHFFFAOYSA-N	170.241	0.579	78.55	3	3	3	1	1	0.1961	0.2083	40		INHERITED:ligand_set_tier3.csv	c1cc2c(cc1C(=O)N)c(c[nH]2)CCN	203.245	0.768	84.9	3	2	3	2	1	20260912	13155530018264057540	3	absolute:1.0	0.3	ChEMBL_37	within_panel	CAMPAIGN.md 5.3 D-RULE + amendments A,B 2026-09-12
5HT5A	001_001_001	accepted		111093	8	2	CHEMBL3289526		N=C(NCCO)Nc1ccc2c(c1)CCCC2	VCMVENPCUDGFSK-UHFFFAOYSA-N	233.315	1.494	68.14	4	2	3	2	1	0.1538	0.2083	40		INHERITED:ligand_set_tier3.csv	c1cc2c(cc1C(=O)N)c(c[nH]2)CCN	203.245	0.768	84.9	3	2	3	2	1	20260912	13155530018264057540	3	absolute:1.0	0.3	ChEMBL_37	within_panel	CAMPAIGN.md 5.3 D-RULE + amendments A,B 2026-09-12
5HT5A	001_001_001	accepted		111093	8	3	CHEMBL3289540		CCOc1ccc(NC(=N)N)cc1	GQGXTXAPHRNTIO-UHFFFAOYSA-N	179.223	1.391	71.13	3	2	3	1	1	0.1846	0.2083	40		INHERITED:ligand_set_tier3.csv	c1cc2c(cc1C(=O)N)c(c[nH]2)CCN	203.245	0.768	84.9	3	2	3	2	1	20260912	13155530018264057540	3	absolute:1.0	0.3	ChEMBL_37	within_panel	CAMPAIGN.md 5.3 D-RULE + amendments A,B 2026-09-12
AA1R	001_006_001	decoy-unavailable	only 1 candidate(s) pass the gate; §5.3 needs 3 and no candidate is ever taken anyway. Decisive axis -- no single axis unblocks this receptor	111240	1																		INHERITED:ligand_set.csv	c1nc(c2c(n1)n(cn2)[C@H]3[C@@H]([C@@H]([C@H](O3)CO)O)O)N	267.245	-1.98	139.54	4	9	2	3	0	20260912	14685806088637666837	3	absolute:1.0	0.3	ChEMBL_37	within_panel	CAMPAIGN.md 5.3 D-RULE + amendments A,B 2026-09-12
AA2AR	001_006_001	decoy-unavailable	only 0 candidate(s) pass the gate; §5.3 needs 3 and no candidate is ever taken anyway. Decisive axis -- mw: dropping it alone would give 1	111240	0																		INHERITED:ligand_set.csv	CCNC(=O)[C@@H]1[C@H]([C@H]([C@@H](O1)n2cnc3c2ncnc3N)O)O	308.298	-1.836	148.41	4	9	3	3	0	20260912	8968256427373814112	3	absolute:1.0	0.3	ChEMBL_37	within_panel	CAMPAIGN.md 5.3 D-RULE + amendments A,B 2026-09-12
ACM4	001_001_002	accepted		115584	8	1	CHEMBL166330		CC(=O)c1ccc(N2CCNCC2)cc1	KPXVKKBJROCIJB-UHFFFAOYSA-N	204.273	1.299	32.34	1	3	2	2	1	0.1818	0.2195	44		INHERITED:ligand_set.csv	C[N+](C)(C)CC#CCOC1=NOCC1	197.258	0.446	30.82	0	3	2	1	1	20260912	9175895407560447869	3	absolute:1.0	0.3	ChEMBL_37	within_panel	CAMPAIGN.md 5.3 D-RULE + amendments A,B 2026-09-12
ACM4	001_001_002	accepted		115584	8	2	CHEMBL284257		COc1ccc(OC)c2c1CCNC2	XYFBJOKZCLYMEM-UHFFFAOYSA-N	193.246	1.349	30.49	1	3	2	2	1	0.1636	0.2195	44		INHERITED:ligand_set.csv	C[N+](C)(C)CC#CCOC1=NOCC1	197.258	0.446	30.82	0	3	2	1	1	20260912	9175895407560447869	3	absolute:1.0	0.3	ChEMBL_37	within_panel	CAMPAIGN.md 5.3 D-RULE + amendments A,B 2026-09-12
ACM4	001_001_002	accepted		115584	8	3	CHEMBL502684		c1ccc(OCC2CNCCO2)cc1	OFBLNBCFCXAZGW-UHFFFAOYSA-N	193.246	1.054	30.49	1	3	3	2	1	0.1967	0.2195	44		INHERITED:ligand_set.csv	C[N+](C)(C)CC#CCOC1=NOCC1	197.258	0.446	30.82	0	3	2	1	1	20260912	9175895407560447869	3	absolute:1.0	0.3	ChEMBL_37	within_panel	CAMPAIGN.md 5.3 D-RULE + amendments A,B 2026-09-12
ADRB1	001_001_003	accepted		114950	98	1	CHEMBL1098442		Cc1nc(N)sc1CCCNC(=N)NC(=O)C[C@H](C)c1ccccc1	QFKNUCVKOWGNCX-LBPRGKRZSA-N	359.499	2.801	103.89	4	5	7	2	1	0.2073	0.1818	180	CHEMBL1615159	REDO:ligand_set_redo.tsv	Cc1ccccc1CC(C)(C)NC[C@H](O)c1ccc(O)c2c1OCC(=O)N2	370.449	2.676	90.82	4	5	6	3	1	20260912	15264380118547895655	3	absolute:1.0	0.3	ChEMBL_37	within_panel	CAMPAIGN.md 5.3 D-RULE + amendments A,B 2026-09-12
ADRB1	001_001_003	accepted		114950	98	2	CHEMBL3401301		O=C(CC1CCNC1)Nc1ccc(C(=O)Nc2nccs2)cc1	YASYZUJSAWTGNM-UHFFFAOYSA-N	330.413	2.333	83.12	3	5	5	3	1	0.175	0.1818	180	CHEMBL1615159	REDO:ligand_set_redo.tsv	Cc1ccccc1CC(C)(C)NC[C@H](O)c1ccc(O)c2c1OCC(=O)N2	370.449	2.676	90.82	4	5	6	3	1	20260912	15264380118547895655	3	absolute:1.0	0.3	ChEMBL_37	within_panel	CAMPAIGN.md 5.3 D-RULE + amendments A,B 2026-09-12
ADRB1	001_001_003	accepted		114950	98	3	CHEMBL4760919		CC(C)S(=O)(=O)c1c(Cl)ccc(NC2=NC(=O)[C@H](Cc3ccccc3)N2)c1O	CKOYOYZZWAJOMZ-HNNXBMFYSA-N	421.906	2.737	107.86	3	6	5	3	1	0.2286	0.1818	180	CHEMBL1615159	REDO:ligand_set_redo.tsv	Cc1ccccc1CC(C)(C)NC[C@H](O)c1ccc(O)c2c1OCC(=O)N2	370.449	2.676	90.82	4	5	6	3	1	20260912	15264380118547895655	3	absolute:1.0	0.3	ChEMBL_37	within_panel	CAMPAIGN.md 5.3 D-RULE + amendments A,B 2026-09-12
B1B1U5	001_009_001_inv	decoy-unavailable	eligibility is unestablishable: the receptor has no resolved ChEMBL target, so the pool holds NO exclusion rows for it and an empty exclusion set would read as universal eligibility	0	0																	11,20-Ethanoretinal	REDO:ligand_set_redo.tsv	CC1=C(/C=C/C(C)=C/C2=C/C(=C/C=O)CCC2)C(C)(C)CCC1	310.481	6.251	17.07	0	1	4	2	0	20260912	5419346758661285501	3	absolute:1.0	0.3	ChEMBL_37	within_panel	CAMPAIGN.md 5.3 D-RULE + amendments A,B 2026-09-12
CCKAR	001_002_005	accepted		120245	27	1	CHEMBL1669025		CCOc1c2c(c(OCC)c3ccccc13)C(=O)N(c1ccc(CC3(NC(=O)NS(=O)(=O)c4cccc(Cl)c4Cl)CC3)cc1C)C2	UCVTWXSYIUJCNM-UHFFFAOYSA-N	682.626	7.176	114.04	2	6	10	6	-1	0.1635	0.2736	5	SR146131	REDO:ligand_set_redo.tsv	COc1cc(-c2nc(NC(=O)c3cc4cc(C)cc(C)c4n3CC(=O)O)sc2CCC2CCCCC2)c(OC)cc1Cl	610.176	7.902	102.68	2	7	10	5	-1	20260912	5118364611035215900	3	absolute:1.0	0.3	ChEMBL_37	within_panel	CAMPAIGN.md 5.3 D-RULE + amendments A,B 2026-09-12
CCKAR	001_002_005	accepted		120245	27	2	CHEMBL306924		CCCc1nc(CC)c(C(=O)OCc2ccccc2-c2ccccc2)n1Cc1ccc(-c2ccccc2-c2nn[nH]n2)cc1	TYTZWWYHRHCWBP-UHFFFAOYSA-N	582.708	7.317	98.58	1	7	11	6	-1	0.2174	0.2736	5	SR146131	REDO:ligand_set_redo.tsv	COc1cc(-c2nc(NC(=O)c3cc4cc(C)cc(C)c4n3CC(=O)O)sc2CCC2CCCCC2)c(OC)cc1Cl	610.176	7.902	102.68	2	7	10	5	-1	20260912	5118364611035215900	3	absolute:1.0	0.3	ChEMBL_37	within_panel	CAMPAIGN.md 5.3 D-RULE + amendments A,B 2026-09-12
CCKAR	001_002_005	accepted		120245	27	3	CHEMBL96554		CCCCc1nn(-c2ccccc2C(F)(F)F)c(=O)n1Cc1ccc(-c2cc(CCC)ccc2S(=O)(=O)NC(=O)OC(C)(C)C)cc1	IKSMFLPUCVAYHQ-UHFFFAOYSA-N	672.77	7.277	112.29	1	8	11	4	-1	0.1827	0.2736	5	SR146131	REDO:ligand_set_redo.tsv	COc1cc(-c2nc(NC(=O)c3cc4cc(C)cc(C)c4n3CC(=O)O)sc2CCC2CCCCC2)c(OC)cc1Cl	610.176	7.902	102.68	2	7	10	5	-1	20260912	5118364611035215900	3	absolute:1.0	0.3	ChEMBL_37	within_panel	CAMPAIGN.md 5.3 D-RULE + amendments A,B 2026-09-12
CNR2	001_004_005	accepted		109191	24	1	CHEMBL2336073		C/C(=N\OCc1ccc(-c2ccc(F)cc2)cc1)c1ccc(CNCCC(=O)O)cc1	NQSBLPSEBZEEPP-MTDXEUNCSA-N	420.484	4.998	70.92	2	4	10	3	0	0.2125	0.2603	37		INHERITED:ligand_set_tier3.csv	CCCCCCC(C)(C)c1ccc(c(c1)O)[C@@H]2C[C@@H](CC[C@H]2CCCO)O	376.581	5.657	60.69	3	3	10	2	0	20260912	4053053251584822613	3	absolute:1.0	0.3	ChEMBL_37	within_panel	CAMPAIGN.md 5.3 D-RULE + amendments A,B 2026-09-12
CNR2	001_004_005	accepted		109191	24	2	CHEMBL270026		CC(C)Cc1cc(-c2ccc(CCNC[C@H](O)c3ccccc3)cc2)ccc1C(=O)O	NCTDWZFQXDIUEY-SANMLTNESA-N	417.549	5.116	69.56	3	3	10	3	0	0.2289	0.2603	37		INHERITED:ligand_set_tier3.csv	CCCCCCC(C)(C)c1ccc(c(c1)O)[C@@H]2C[C@@H](CC[C@H]2CCCO)O	376.581	5.657	60.69	3	3	10	2	0	20260912	4053053251584822613	3	absolute:1.0	0.3	ChEMBL_37	within_panel	CAMPAIGN.md 5.3 D-RULE + amendments A,B 2026-09-12
CNR2	001_004_005	accepted		109191	24	3	CHEMBL3671056		CC[C@@H](Nc1ccc(C)c(CNCCC(=O)O)c1)c1cc(C)c(Cl)c(C)c1	RFSPCEJTXAVJPJ-HXUWFJFHSA-N	388.939	5.393	61.36	3	3	9	2	0	0.1765	0.2603	37		INHERITED:ligand_set_tier3.csv	CCCCCCC(C)(C)c1ccc(c(c1)O)[C@@H]2C[C@@H](CC[C@H]2CCCO)O	376.581	5.657	60.69	3	3	10	2	0	20260912	4053053251584822613	3	absolute:1.0	0.3	ChEMBL_37	within_panel	CAMPAIGN.md 5.3 D-RULE + amendments A,B 2026-09-12
DRD3	001_001_004	accepted		108622	324	1	CHEMBL156131		NCCc1csc(-c2ccccc2)n1	CISTXXCPQIZSIS-UHFFFAOYSA-N	204.298	2.311	38.91	1	3	3	2	1	0.2564	0.1207	22		INHERITED:ligand_set.csv	CCCN1CCO[C@H]2[C@H]1COc3c2cc(cc3)O	249.31	1.937	41.93	1	4	2	3	1	20260912	16270526551402493118	3	absolute:1.0	0.3	ChEMBL_37	within_panel	CAMPAIGN.md 5.3 D-RULE + amendments A,B 2026-09-12
DRD3	001_001_004	accepted		108622	324	2	CHEMBL4739937		COc1ccc2occc2c1[C@@H]1C[C@H]1CN	NMQSOAPOAUZPPJ-WCBMZHEXSA-N	217.268	2.504	48.39	1	3	3	3	1	0.1667	0.1207	22		INHERITED:ligand_set.csv	CCCN1CCO[C@H]2[C@H]1COc3c2cc(cc3)O	249.31	1.937	41.93	1	4	2	3	1	20260912	16270526551402493118	3	absolute:1.0	0.3	ChEMBL_37	within_panel	CAMPAIGN.md 5.3 D-RULE + amendments A,B 2026-09-12
DRD3	001_001_004	accepted		108622	324	3	CHEMBL6189412		CC(C)NC(=O)c1ccc2c3c1CCN3CCNC2	SJLUDZSXHFQCFJ-UHFFFAOYSA-N	259.353	1.29	44.37	2	3	2	3	1	0.1795	0.1207	22		INHERITED:ligand_set.csv	CCCN1CCO[C@H]2[C@H]1COc3c2cc(cc3)O	249.31	1.937	41.93	1	4	2	3	1	20260912	16270526551402493118	3	absolute:1.0	0.3	ChEMBL_37	within_panel	CAMPAIGN.md 5.3 D-RULE + amendments A,B 2026-09-12
GHSR	001_002_010	accepted		118717	133	1	CHEMBL302063		Cc1cccc(C)c1N1CCN(C(=O)[C@@H](CC2CCCCC2)N2C(=O)N[C@H](CCCN=C(N)N)C2=O)CC1	NIVVQBFSLKXZPE-DHIUTWEWSA-N	525.698	2.265	137.36	3	5	9	4	1	0.1927	0.1635	5	ibutamoren	REDO:ligand_set_redo.tsv	CC(C)(N)C(=O)N[C@H](COCc1ccccc1)C(=O)N1CCC2(CC1)CN(S(C)(=O)=O)c1ccccc12	528.675	1.765	122.04	2	6	8	4	1	20260912	14283572532260606066	3	absolute:1.0	0.3	ChEMBL_37	within_panel	CAMPAIGN.md 5.3 D-RULE + amendments A,B 2026-09-12
GHSR	001_002_010	accepted		118717	133	2	CHEMBL3901466		NC(=O)c1cccc([C@H]2C[C@H]3CC[C@@H](C2)N3CCN(Cc2c(F)cccc2F)C(=O)[C@@H](O)CO)c1	YIJXZOJTKRAPAH-VKDGWMQASA-N	487.547	2.156	107.1	3	5	9	4	1	0.1524	0.1635	5	ibutamoren	REDO:ligand_set_redo.tsv	CC(C)(N)C(=O)N[C@H](COCc1ccccc1)C(=O)N1CCC2(CC1)CN(S(C)(=O)=O)c1ccccc12	528.675	1.765	122.04	2	6	8	4	1	20260912	14283572532260606066	3	absolute:1.0	0.3	ChEMBL_37	within_panel	CAMPAIGN.md 5.3 D-RULE + amendments A,B 2026-09-12
GHSR	001_002_010	accepted		118717	133	3	CHEMBL483469		CCCn1c(=O)[nH]c2nc(-c3ccc(S(=O)(=O)N4CCN(Cc5cccc(Cl)c5)CC4)cc3)[nH]c2c1=O	XGGZNUZGXSDCLP-UHFFFAOYSA-N	543.049	2.65	124.16	2	7	7	5	1	0.1607	0.1635	5	ibutamoren	REDO:ligand_set_redo.tsv	CC(C)(N)C(=O)N[C@H](COCc1ccccc1)C(=O)N1CCC2(CC1)CN(S(C)(=O)=O)c1ccccc12	528.675	1.765	122.04	2	6	8	4	1	20260912	14283572532260606066	3	absolute:1.0	0.3	ChEMBL_37	within_panel	CAMPAIGN.md 5.3 D-RULE + amendments A,B 2026-09-12
HRH3	001_001_005	decoy-unavailable	only 0 candidate(s) pass the gate; §5.3 needs 3 and no candidate is ever taken anyway. Decisive axis -- mw: dropping it alone would give 11	114172	0																	histamine	REDO:ligand_set_redo.tsv	NCCc1cnc[nH]1	111.148	-0.089	54.7	2	2	2	1	1	20260912	7698352929836797357	3	absolute:1.0	0.3	ChEMBL_37	within_panel	CAMPAIGN.md 5.3 D-RULE + amendments A,B 2026-09-12
LPAR1	001_004_003	decoy-unavailable	only 0 candidate(s) pass the gate; §5.3 needs 3 and no candidate is ever taken anyway. Decisive axis -- tanimoto: dropping it alone would give 1	120207	0																		INHERITED:ligand_set_tier3.csv	CCCCCCCCC=CCCCCCCCC(=O)OCC(COP(=O)(O)O)O	436.526	5.037	113.29	3	5	20	0	-2	20260912	18378723020570272288	3	absolute:1.0	0.3	ChEMBL_37	within_panel	CAMPAIGN.md 5.3 D-RULE + amendments A,B 2026-09-12
LT4R1	001_004_002	accepted		120432	28	1	CHEMBL117031		NC(CCCCCCCCCCc1ccccc1)CCP(=O)(O)O	KARRQFDDSYYFAE-UHFFFAOYSA-N	355.459	4.635	83.55	3	2	14	1	-1	0.1525	0.2459	4		INHERITED:ligand_set_tier3.csv	CCCCC\C=C/C[C@@H](O)\C=C\C=C\C=C/[C@@H](O)CCCC(O)=O	336.472	4.158	77.76	3	3	14	0	-1	20260912	9987153982683973839	3	absolute:1.0	0.3	ChEMBL_37	within_panel	CAMPAIGN.md 5.3 D-RULE + amendments A,B 2026-09-12
LT4R1	001_004_002	accepted		120432	28	2	CHEMBL119562		CCCCCCCCCCCCNCCCP(=O)(O)O	ATXJVJPQVHFGIA-UHFFFAOYSA-N	307.415	4.065	69.56	3	2	15	0	-1	0.1765	0.2459	4		INHERITED:ligand_set_tier3.csv	CCCCC\C=C/C[C@@H](O)\C=C\C=C\C=C/[C@@H](O)CCCC(O)=O	336.472	4.158	77.76	3	3	14	0	-1	20260912	9987153982683973839	3	absolute:1.0	0.3	ChEMBL_37	within_panel	CAMPAIGN.md 5.3 D-RULE + amendments A,B 2026-09-12
LT4R1	001_004_002	accepted		120432	28	3	CHEMBL4649582		CCCCCC(O)CCc1cccc(=O)n1CCCCCCC(=O)O	BZFMOMUMMMUZDV-UHFFFAOYSA-N	351.487	3.757	79.53	2	4	14	1	-1	0.2903	0.2459	4		INHERITED:ligand_set_tier3.csv	CCCCC\C=C/C[C@@H](O)\C=C\C=C\C=C/[C@@H](O)CCCC(O)=O	336.472	4.158	77.76	3	3	14	0	-1	20260912	9987153982683973839	3	absolute:1.0	0.3	ChEMBL_37	within_panel	CAMPAIGN.md 5.3 D-RULE + amendments A,B 2026-09-12
OPRD	001_002_022	accepted		108479	1065	1	CHEMBL3676860		CC(C)CC(=O)N[C@H]1CC[C@H](CCN2CCC(c3coc4ccccc34)CC2)CC1	OXYSILQZQLVAHW-AQYVVDRMSA-N	410.602	5.723	45.48	1	3	7	4	1	0.2533	0.2386	35		INHERITED:ligand_set_tier3.csv	CCN(CC)C(=O)c1ccc(cc1)[C@H](c2cccc(c2)O)N3C[C@H](N(C[C@@H]3C)Cc4ccccc4)C	485.672	5.558	47.02	1	4	8	4	1	20260912	15906855056841562309	3	absolute:1.0	0.3	ChEMBL_37	within_panel	CAMPAIGN.md 5.3 D-RULE + amendments A,B 2026-09-12
OPRD	001_002_022	accepted		108479	1065	2	CHEMBL4797752		O=C(c1ccc(F)c(Cl)c1)N1CCC(F)(CNCCOc2ccc(Cl)cc2)CC1	HDFGGNSQPFXQRL-UHFFFAOYSA-N	443.321	4.745	41.57	1	3	7	3	1	0.2024	0.2386	35		INHERITED:ligand_set_tier3.csv	CCN(CC)C(=O)c1ccc(cc1)[C@H](c2cccc(c2)O)N3C[C@H](N(C[C@@H]3C)Cc4ccccc4)C	485.672	5.558	47.02	1	4	8	4	1	20260912	15906855056841562309	3	absolute:1.0	0.3	ChEMBL_37	within_panel	CAMPAIGN.md 5.3 D-RULE + amendments A,B 2026-09-12
OPRD	001_002_022	accepted		108479	1065	3	CHEMBL5646702		Cc1nc2ccccc2n1C1CCN(CC[C@@H](NC(=O)c2ccccc2)c2ccccc2)CC1	OZWIFUZORWEWKP-AREMUKBSSA-N	452.602	5.543	50.16	1	4	7	5	1	0.274	0.2386	35		INHERITED:ligand_set_tier3.csv	CCN(CC)C(=O)c1ccc(cc1)[C@H](c2cccc(c2)O)N3C[C@H](N(C[C@@H]3C)Cc4ccccc4)C	485.672	5.558	47.02	1	4	8	4	1	20260912	15906855056841562309	3	absolute:1.0	0.3	ChEMBL_37	within_panel	CAMPAIGN.md 5.3 D-RULE + amendments A,B 2026-09-12
OPSD	001_009_001_vert	accepted		120838	11	1	CHEMBL125010		CCCC(C)(C)c1ccc(-c2cc(C)ccc2C(C)C)c(O)c1	DZTLWQKJNBRKAL-UHFFFAOYSA-N	310.481	6.569	20.23	1	1	5	2	0	0.1375	0.2542	58	Retinal (all-trans)	REDO:ligand_set_redo.tsv	CC1=C(/C=C/C(C)=C/C=C/C(C)=C/C=O)C(C)(C)CCC1	284.443	5.717	17.07	0	1	5	1	0	20260912	9096820163344338901	3	absolute:1.0	0.3	ChEMBL_37	within_panel	CAMPAIGN.md 5.3 D-RULE + amendments A,B 2026-09-12
OPSD	001_009_001_vert	accepted		120838	11	2	CHEMBL261494		CCCCC(C)(C)c1ccc([C@@H]2CCC[C@@H](O)C2)cc1	WMICXNJEJDOUPN-SJLPKXTDSA-N	274.448	5.173	20.23	1	1	5	2	0	0.1786	0.2542	58	Retinal (all-trans)	REDO:ligand_set_redo.tsv	CC1=C(/C=C/C(C)=C/C=C/C(C)=C/C=O)C(C)(C)CCC1	284.443	5.717	17.07	0	1	5	1	0	20260912	9096820163344338901	3	absolute:1.0	0.3	ChEMBL_37	within_panel	CAMPAIGN.md 5.3 D-RULE + amendments A,B 2026-09-12
OPSD	001_009_001_vert	accepted		120838	11	3	CHEMBL4761208		O=C(/C=C/CCc1ccc(Br)cc1)c1ccccc1	AIEKRROFITYDKB-WEVVVXLNSA-N	315.21	4.821	17.07	0	1	5	2	0	0.1864	0.2542	58	Retinal (all-trans)	REDO:ligand_set_redo.tsv	CC1=C(/C=C/C(C)=C/C=C/C(C)=C/C=O)C(C)(C)CCC1	284.443	5.717	17.07	0	1	5	1	0	20260912	9096820163344338901	3	absolute:1.0	0.3	ChEMBL_37	within_panel	CAMPAIGN.md 5.3 D-RULE + amendments A,B 2026-09-12
S1PR1	001_004_004	accepted		116741	116	1	CHEMBL462053		CCCCCc1ccc(-c2c(C)c(C(=O)NN3CCCCC3)nn2-c2ccc(Cl)cc2Cl)s1	DNCAQTJFFOGJNV-UHFFFAOYSA-N	505.515	7.079	50.16	1	5	8	4	0	0.2	0.1327	20	siponimod	REDO:ligand_set_redo.tsv	CCc1cc(/C(C)=N/OCc2ccc(C3CCCCC3)c(C(F)(F)F)c2)ccc1CN1CC(C(=O)O)C1	516.604	6.773	62.13	1	4	9	4	0	20260912	14593963460089396750	3	absolute:1.0	0.3	ChEMBL_37	within_panel	CAMPAIGN.md 5.3 D-RULE + amendments A,B 2026-09-12
S1PR1	001_004_004	accepted		116741	116	2	CHEMBL5080279		CC1(C)Oc2cc(C3(CCCCCCCC#N)CCCC3)cc(O)c2[C@@H]2C[C@H](CO)CC[C@H]21	KLBPFBHIAMXJAI-GMKZXUHWSA-N	453.667	7.121	73.48	2	4	9	4	0	0.1524	0.1327	20	siponimod	REDO:ligand_set_redo.tsv	CCc1cc(/C(C)=N/OCc2ccc(C3CCCCC3)c(C(F)(F)F)c2)ccc1CN1CC(C(=O)O)C1	516.604	6.773	62.13	1	4	9	4	0	20260912	14593963460089396750	3	absolute:1.0	0.3	ChEMBL_37	within_panel	CAMPAIGN.md 5.3 D-RULE + amendments A,B 2026-09-12
S1PR1	001_004_004	accepted		116741	116	3	CHEMBL5593523		Cc1ccc(CC(CNC(=O)c2ccccc2)n2c(=N)n(Cc3ccc(C)cc3)c3ccccc32)cc1	RUNGRPLELDGZQJ-UHFFFAOYSA-N	488.635	5.801	62.81	2	4	8	5	0	0.2381	0.1327	20	siponimod	REDO:ligand_set_redo.tsv	CCc1cc(/C(C)=N/OCc2ccc(C3CCCCC3)c(C(F)(F)F)c2)ccc1CN1CC(C(=O)O)C1	516.604	6.773	62.13	1	4	9	4	0	20260912	14593963460089396750	3	absolute:1.0	0.3	ChEMBL_37	within_panel	CAMPAIGN.md 5.3 D-RULE + amendments A,B 2026-09-12
