gpcrdb_entry,receptor_slug,on_panel48,on_panel75,n_active,n_inactive,aa_5_58,aa_7_53,aa_2x46,aa_6x37,pos_5_58,pos_7_53,pos_2x46,pos_6x37,npxxy_measurable,tilt_measurable,status
5ht1a_human,5ht1a,0,0,13,0,Y,Y,L,L,215,400,78,347,1,1,ok
5ht1b_human,5ht1b,1,1,1,4,Y,Y,L,L,228,369,91,316,1,1,ok
5ht1d_human,5ht1d,0,0,1,0,Y,Y,L,L,217,356,80,303,1,1,ok
5ht1e_human,5ht1e,0,0,3,0,Y,Y,L,L,202,344,64,293,1,1,ok
5ht1f_human,5ht1f,0,0,1,0,Y,Y,L,L,201,347,65,295,1,1,ok
5ht2a_human,5ht2a,0,1,4,14,Y,Y,L,L,254,380,116,325,1,1,ok
5ht2b_human,5ht2b,0,0,3,0,Y,Y,L,L,237,380,96,326,1,1,ok
5ht2c_human,5ht2c,1,1,5,2,Y,Y,L,L,234,368,95,313,1,1,ok
5ht4r_human,5ht4r,0,0,3,0,Y,Y,L,L,212,312,62,261,1,1,ok
5ht5a_human,5ht5a,1,1,4,1,Y,Y,M,V,220,338,82,287,1,1,ok
5ht6r_human,5ht6r,0,0,3,0,Y,Y,L,L,208,320,68,270,1,1,ok
5ht7r_human,5ht7r,0,0,1,0,Y,Y,L,L,259,384,123,329,1,1,ok
aa1r_human,aa1r,1,1,3,2,Y,Y,L,L,200,288,51,236,1,1,ok
aa2ar_human,aa2ar,1,1,12,68,Y,Y,L,L,197,288,48,235,1,1,ok
aa2br_human,aa2br,0,0,4,0,Y,Y,L,L,202,290,49,236,1,1,ok
aa3r_human,aa3r,0,0,2,0,Y,Y,L,L,197,282,54,232,1,1,ok
ackr3_human,ackr3,0,0,7,0,Y,Y,L,I,232,315,86,254,1,1,ok
acm1_human,acm1,1,1,1,5,Y,Y,L,L,208,418,67,367,1,1,ok
acm2_human,acm2,1,1,8,6,Y,Y,L,I,206,440,65,389,1,1,ok
acm3_human,acm3,0,1,4,0,Y,Y,L,L,251,544,110,493,1,1,ok
acm3_rat,acm3,0,1,0,5,Y,Y,L,L,250,543,109,492,1,1,ok
acm4_human,acm4,1,1,9,2,Y,Y,L,I,215,453,74,402,1,1,ok
acm5_human,acm5,0,0,0,1,Y,Y,L,L,213,495,72,444,1,1,ok
acthr_human,acthr,0,0,1,0,Y,Y,L,L,193,276,66,221,1,1,ok
ada1a_human,ada1a,0,1,4,2,Y,Y,L,L,204,326,68,274,1,1,ok
ada1b_human,ada1b,0,0,0,1,Y,Y,L,L,223,348,87,296,1,1,ok
ada2a_human,ada2a,1,1,8,2,Y,Y,L,L,231,441,90,391,1,1,ok
ada2b_human,ada2b,0,0,2,0,Y,Y,L,L,192,426,54,373,1,1,ok
ada2c_human,ada2c,0,0,0,1,Y,Y,L,L,230,437,93,384,1,1,ok
adrb1_human,adrb1,1,1,3,1,Y,Y,L,L,244,377,100,326,1,1,ok
adrb1_melga,adrb1,1,1,12,18,Y,Y,L,L,227,343,83,292,1,1,ok
adrb2_human,adrb2,1,1,96,27,Y,Y,L,L,219,326,75,275,1,1,ok
adrb3_canlf,adrb3,0,0,3,0,Y,Y,L,L,224,346,79,294,1,1,ok
adrb3_human,adrb3,0,0,2,0,Y,Y,L,L,224,346,79,294,1,1,ok
agtr1_human,agtr1,1,1,5,4,Y,Y,L,I,215,302,70,242,1,1,ok
agtr2_human,agtr2,0,0,7,0,Y,Y,L,A,231,318,86,258,1,1,ok
apj_human,apj,1,1,10,4,Y,Y,L,I,221,309,71,250,1,1,ok
b1b1u5_9arac,b1b1u5,1,1,3,1,Y,Y,L,A,234,331,92,279,1,1,ok
bkrb1_human,bkrb1,0,0,1,0,N,Y,L,I,222,312,79,252,0,1,ok
bkrb2_human,bkrb2,0,0,3,0,T,Y,L,V,244,332,99,272,0,1,ok
brs3_human,brs3,0,0,2,0,Y,L,L,V,237,330,89,273,0,1,ok
c3ar_human,c3ar,0,0,9,0,Y,Y,L,A,356,435,64,379,1,1,ok
c5ar1_human,c5ar1,0,1,7,3,Y,Y,L,V,222,300,78,244,1,1,ok
c5ar1_mouse,c5ar1,0,1,2,0,Y,Y,L,V,223,301,78,245,1,1,ok
cckar_human,cckar,1,1,9,3,Y,Y,L,L,229,370,83,315,1,1,ok
ccr1_human,ccr1,0,0,3,0,Y,Y,L,I,219,301,76,241,1,1,ok
ccr2_human,ccr2,0,1,1,3,Y,Y,L,I,222,305,84,245,1,1,ok
ccr3_human,ccr3,0,0,1,0,Y,Y,L,I,219,301,76,241,1,1,ok
ccr5_human,ccr5,1,1,4,7,Y,Y,L,I,214,297,72,237,1,1,ok
ccr6_human,ccr6,0,1,1,2,Y,Y,M,I,234,316,88,256,1,1,ok
ccr7_human,ccr7,0,0,0,1,Y,Y,L,I,243,326,100,265,1,1,ok
ccr8_human,ccr8,0,1,5,1,Y,Y,L,V,218,300,77,240,1,1,ok
ccr9_human,ccr9,0,0,0,1,Y,Y,L,T,234,317,90,256,1,1,ok
cltr1_human,cltr1,0,0,2,0,Y,Y,L,M,209,295,65,234,1,1,ok
cltr2_human,cltr2,0,0,4,0,Y,Y,L,T,221,305,80,248,1,1,ok
cml1_human,cml1,0,0,2,0,Y,Y,L,I,240,316,81,262,1,1,ok
cml2_human,cml2,0,0,2,0,Y,Y,L,I,226,304,79,248,1,1,ok
cnr1_human,cnr1,1,1,14,7,Y,Y,L,L,294,397,159,345,1,1,ok
cnr2_human,cnr2,1,1,7,2,Y,Y,L,L,209,299,76,247,1,1,ok
cx3c1_human,cx3c1,0,0,2,0,Y,Y,L,I,211,293,73,233,1,1,ok
cxcr1_human,cxcr1,0,0,1,0,Y,Y,L,I,222,305,81,244,1,1,ok
cxcr2_human,cxcr2,1,1,2,1,Y,Y,L,I,231,314,90,253,1,1,ok
cxcr3_human,cxcr3,0,1,4,2,Y,Y,L,V,235,318,95,257,1,1,ok
cxcr4_human,cxcr4,1,1,6,8,Y,Y,L,T,219,302,80,241,1,1,ok
drd1_human,drd1,0,0,22,0,Y,Y,L,L,214,331,66,274,1,1,ok
drd2_human,drd2,1,1,5,3,Y,Y,L,L,209,426,76,375,1,1,ok
drd3_human,drd3,1,1,5,1,Y,Y,L,V,208,383,71,331,1,1,ok
drd4_human,drd4,0,1,1,2,Y,Y,L,L,212,400,76,348,1,1,ok
drd4_mouse,drd4,0,1,0,1,Y,Y,L,L,207,368,73,316,1,1,ok
drd5_human,drd5,0,0,1,0,Y,Y,L,L,245,359,83,298,1,1,ok
e7fel0_danre,e7fel0,0,0,1,0,Y,Y,L,A,209,294,67,234,1,1,ok
ednra_human,ednra,1,1,2,3,Y,L,L,V,275,369,122,308,0,1,ok
ednrb_human,ednrb,1,1,10,8,Y,L,L,V,293,386,143,325,0,1,ok
ffar1_human,ffar1,0,0,9,0,Y,T,L,V,202,276,48,225,0,1,ok
ffar2_human,ffar2,0,0,5,0,Y,F,L,L,199,273,51,223,0,1,ok
ffar3_human,ffar3,0,0,2,0,Y,Y,L,L,204,276,57,226,1,1,ok
ffar4_human,ffar4,0,0,12,0,Y,Y,L,T,227,321,81,265,1,1,ok
fpr1_human,fpr1,0,0,4,0,Y,Y,L,L,221,301,67,243,1,1,ok
fpr2_human,fpr2,0,0,9,0,Y,Y,L,L,221,302,67,243,1,1,ok
fshr_human,fshr,1,1,1,1,Y,Y,L,M,549,626,404,574,1,1,ok
galr1_human,galr1,0,0,2,0,Y,Y,L,V,220,303,77,249,1,1,ok
galr2_human,galr2,0,0,4,0,Y,Y,L,I,207,292,67,238,1,1,ok
gasr_human,gasr,0,0,5,0,Y,Y,L,L,238,390,96,335,1,1,ok
ghsr_human,ghsr,1,1,5,2,Y,Y,M,L,232,323,85,265,1,1,ok
gnrhr_human,gnrhr,0,0,0,1,N,Y,L,T,231,323,83,269,0,1,ok
gp101_human,gp101,0,0,3,0,Y,Y,L,I,212,454,73,401,1,1,ok
gp119_human,gp119,0,0,7,0,F,Y,L,V,184,279,47,227,0,1,ok
gp132_human,gp132,0,0,4,0,N,Y,L,A,219,308,84,244,0,1,ok
gp139_human,gp139,0,0,4,0,N,Y,L,L,203,285,69,230,0,1,ok
gp161_human,gp161,0,0,2,0,Y,Y,L,I,208,324,69,272,1,1,ok
gp174_human,gp174,0,0,3,0,T,Y,L,I,205,292,61,232,0,1,ok
gp183_human,gp183,0,0,2,0,Y,Y,L,I,216,308,73,246,1,1,ok
gpbar_human,gpbar,0,0,5,0,S,M,L,Q,185,280,57,226,0,1,ok
gper1_human,gper1,0,0,5,0,Y,Y,L,I,234,324,101,261,1,1,ok
gpr12_human,gpr12,0,0,1,0,Y,Y,L,L,217,301,86,253,1,1,ok
gpr15_human,gpr15,0,0,1,0,Y,Y,L,I,215,302,75,243,1,1,ok
gpr17_human,gpr17,0,0,1,0,Y,Y,L,I,240,325,101,265,1,1,ok
gpr20_human,gpr20,0,0,3,0,T,Y,L,L,216,297,95,243,0,1,ok
gpr21_human,gpr21,0,0,5,0,T,Y,M,L,210,304,71,254,0,1,ok
gpr34_human,gpr34,0,0,9,0,Y,Y,V,N,238,327,96,267,1,1,ok
gpr35_human,gpr35,0,0,1,0,S,Y,L,V,191,276,62,219,0,1,ok
gpr3_human,gpr3,0,0,3,0,Y,Y,L,L,213,297,82,249,1,1,ok
gpr52_human,gpr52,0,1,2,3,T,Y,M,L,222,317,83,267,0,1,ok
gpr55_human,gpr55,0,0,4,0,C,Y,L,I,201,288,66,228,0,1,ok
gpr61_human,gpr61,0,0,3,0,Y,Y,L,L,228,341,82,289,1,1,ok
gpr6_human,gpr6,0,1,2,2,Y,Y,L,L,245,329,114,281,1,1,ok
gpr84_human,gpr84,0,0,4,0,Y,Y,L,C,198,370,62,321,1,1,ok
gpr88_human,gpr88,0,0,2,0,Y,Y,G,V,212,336,73,286,1,1,ok
grpr_human,grpr,1,1,3,1,Y,L,L,V,230,322,82,266,0,1,ok
hcar2_human,hcar2,0,0,34,0,S,Y,L,I,208,294,69,233,0,1,ok
hcar3_human,hcar3,0,0,4,0,S,Y,L,I,208,294,69,233,0,1,ok
hrh1_human,hrh1,1,1,2,5,Y,Y,L,L,210,468,69,417,1,1,ok
hrh2_human,hrh2,0,1,4,1,Y,Y,L,L,202,288,60,236,1,1,ok
hrh3_human,hrh3,1,1,6,1,N,Y,L,L,218,412,76,360,0,1,ok
hrh4_human,hrh4,0,0,10,0,N,Y,L,L,194,358,57,305,0,1,ok
kissr_human,kissr,0,0,5,0,Y,Y,L,V,224,323,84,265,1,1,ok
lgr4_human,lgr4,0,0,0,9,Y,Y,I,V,725,801,580,749,1,1,ok
lpar1_human,lpar1,1,1,13,3,Y,Y,L,V,225,311,91,260,1,1,ok
lshr_human,lshr,1,1,3,1,Y,Y,L,M,546,623,401,571,1,1,ok
lt4r1_human,lt4r1,1,1,1,1,Y,Y,L,V,201,285,60,223,1,1,ok
mc3r_human,mc3r,0,0,1,0,Y,Y,L,I,207,299,80,244,1,1,ok
mc4r_human,mc4r,0,0,8,0,Y,Y,L,L,212,302,86,247,1,1,ok
mc5r_human,mc5r,0,0,2,0,Y,Y,L,V,205,295,78,240,1,1,ok
mchr1_human,mchr1,1,1,8,2,Y,Y,L,A,297,380,154,327,1,1,ok
mchr2_human,mchr2,0,0,1,0,Y,Y,L,V,217,306,75,253,1,1,ok
mrgrd_human,mrgrd,0,0,4,0,T,Y,L,V,200,276,68,223,0,1,ok
mrgx1_human,mrgx1,0,0,7,0,S,Y,L,I,195,272,68,218,0,1,ok
mrgx2_human,mrgx2,0,0,14,0,S,Y,L,I,202,279,71,225,0,1,ok
mrgx4_human,mrgx4,0,0,4,0,S,Y,L,I,195,272,68,218,0,1,ok
mshr_human,mshr,0,0,4,0,Y,Y,L,L,207,298,80,243,1,1,ok
mtlr_human,mtlr,0,0,2,0,Y,Y,M,L,267,355,80,300,1,1,ok
mtr1a_human,mtr1a,0,1,3,5,Y,Y,L,M,207,295,69,240,1,1,ok
mtr1b_human,mtr1b,0,1,1,4,Y,Y,L,M,220,308,82,253,1,1,ok
nk1r_human,nk1r,0,1,6,6,Y,Y,L,M,216,305,74,250,1,1,ok
nk2r_human,nk2r,0,0,1,0,Y,Y,L,M,217,307,75,252,1,1,ok
nk3r_human,nk3r,0,0,3,0,Y,Y,L,M,267,356,127,301,1,1,ok
nmbr_human,nmbr,0,0,1,0,Y,L,L,V,232,324,85,268,0,1,ok
nmur1_human,nmur1,0,0,2,0,Y,Y,L,L,251,356,102,299,1,1,ok
nmur2_human,nmur2,0,0,3,0,Y,Y,L,L,236,327,87,270,1,1,ok
npy1r_human,npy1r,1,1,4,2,Y,Y,L,L,231,320,82,265,1,1,ok
npy2r_human,npy2r,1,1,4,1,Y,Y,L,L,239,325,92,270,1,1,ok
npy4r_human,npy4r,0,0,1,0,Y,Y,L,L,234,322,83,267,1,1,ok
ntr1_human,ntr1,0,1,7,1,N,Y,L,L,256,364,108,305,0,1,ok
ntr1_rat,ntr1,0,1,11,8,N,Y,L,L,257,369,109,310,0,1,ok
oprd_human,oprd,1,1,4,3,Y,Y,L,V,233,318,91,263,1,1,ok
oprd_mouse,oprd,1,1,0,1,Y,Y,L,V,233,318,91,263,1,1,ok
oprk_human,oprk,1,1,9,2,Y,Y,L,V,246,330,101,276,1,1,ok
oprm_human,oprm,0,1,10,0,Y,Y,L,V,254,338,112,284,1,1,ok
oprm_mouse,oprm,0,1,11,4,Y,Y,L,V,252,336,110,282,1,1,ok
oprx_human,oprx,1,1,1,3,Y,Y,L,V,235,319,93,265,1,1,ok
opsd_bovin,opsd,1,1,38,25,Y,Y,L,V,223,306,79,254,1,1,ok
opsd_human,opsd,1,1,4,0,Y,Y,L,V,223,306,79,254,1,1,ok
opsd_todpa,opsd,1,1,0,5,Y,Y,L,S,220,315,76,263,1,1,ok
opsr_human,opsr,0,0,1,0,Y,Y,L,V,239,322,95,270,1,1,ok
ox1r_human,ox1r,0,0,0,14,Y,Y,L,L,235,358,88,300,1,1,ok
ox2r_human,ox2r,1,1,4,7,Y,Y,L,L,243,364,96,306,1,1,ok
oxyr_human,oxyr,0,1,2,1,Y,Y,L,T,220,329,81,277,1,1,ok
p2ry1_human,p2ry1,0,0,4,0,Y,Y,L,L,237,324,93,261,1,1,ok
p2y10_human,p2y10,0,0,1,0,T,Y,L,M,218,305,76,244,0,1,ok
p2y12_human,p2y12,0,0,5,0,Y,Y,T,K,209,298,66,237,1,1,ok
par1_human,par1,0,0,3,0,Y,Y,L,L,290,371,144,314,1,1,ok
par2_human,par2,0,0,3,0,Y,Y,L,L,262,344,117,288,1,1,ok
pd2r2_human,pd2r2,0,1,3,3,H,Y,L,V,226,304,73,248,0,1,ok
pe2r2_human,pe2r2,0,0,3,0,S,F,L,L,217,315,74,266,0,1,ok
pe2r3_human,pe2r3,0,0,4,0,N,Y,L,L,249,346,95,284,0,1,ok
pe2r4_human,pe2r4,0,1,6,2,N,Y,L,L,203,329,61,274,0,1,ok
pf2r_human,pf2r,0,0,8,0,I,Y,L,L,222,304,73,251,0,1,ok
pi2r_human,pi2r,0,0,2,0,S,F,L,L,205,292,56,241,0,1,ok
prlhr_human,prlhr,0,0,2,0,Y,Y,L,L,245,335,102,280,1,1,ok
ptafr_human,ptafr,0,0,2,0,N,Y,L,M,206,293,59,233,0,1,ok
q08bg4_danre,q08bg4,0,0,1,0,S,Y,L,I,214,302,69,242,0,1,ok
q3ksp2_ebvg,q3ksp2,0,0,1,0,T,Y,L,V,205,282,75,227,0,1,ok
q76sf8_hhv8,q76sf8,0,0,2,0,Y,Y,I,I,231,314,89,253,1,1,ok
q80km9_hcmv,q80km9,0,0,2,0,Y,Y,L,L,208,291,75,230,1,1,ok
q9wtk1_cavpo,q9wtk1,0,0,0,1,Y,Y,L,V,203,284,62,225,1,1,ok
qrfpr_human,qrfpr,0,0,2,0,Y,Y,L,M,234,332,87,275,1,1,ok
rl3r2_human,rl3r2,0,0,3,0,Y,Y,L,V,224,309,83,248,1,1,ok
rxfp1_human,rxfp1,0,0,1,0,Y,Y,L,F,599,681,447,630,1,1,ok
s1pr1_human,s1pr1,0,1,15,2,Y,Y,L,V,221,311,87,258,1,1,ok
s1pr2_human,s1pr2,0,0,1,0,Y,Y,L,V,209,288,75,235,1,1,ok
s1pr3_human,s1pr3,0,0,4,0,Y,Y,L,V,215,298,81,245,1,1,ok
s1pr5_human,s1pr5,0,1,1,1,Y,Y,L,L,212,306,78,253,1,1,ok
ssr1_human,ssr1,0,0,2,0,Y,Y,L,V,243,323,100,273,1,1,ok
ssr2_human,ssr2,0,1,14,3,Y,Y,L,V,228,312,85,258,1,1,ok
ssr3_human,ssr3,0,0,2,0,Y,Y,L,V,226,313,86,259,1,1,ok
ssr4_human,ssr4,0,0,2,0,Y,Y,L,V,231,311,89,261,1,1,ok
ssr5_human,ssr5,0,0,4,0,Y,Y,L,V,221,304,82,250,1,1,ok
sucr1_human,sucr1,0,0,7,0,Y,Y,L,V,207,295,65,234,1,1,ok
sucr1_rat,sucr1,0,0,3,0,Y,Y,L,V,203,290,61,230,1,1,ok
ta2r_human,ta2r,0,1,2,2,N,Y,L,L,215,308,70,247,0,1,ok
taa7f_mouse,taa7f,0,0,1,0,Y,Y,L,L,232,326,89,275,1,1,ok
taar1_human,taar1,0,0,17,0,Y,Y,M,L,210,304,65,253,1,1,ok
taar1_mouse,taar1,0,0,11,0,Y,Y,M,L,209,301,64,250,1,1,ok
taar9_mouse,taar9,0,0,7,0,Y,Y,L,L,217,311,74,260,1,1,ok
trfr_human,trfr,0,0,4,0,Y,Y,L,L,211,320,67,268,1,1,ok
tshr_human,tshr,0,1,5,2,Y,Y,L,M,601,678,456,626,1,1,ok
us28_hcmva,us28,0,0,5,0,Y,Y,L,L,208,291,75,230,1,1,ok
v2r_human,v2r,0,0,5,0,Q,Y,L,T,225,325,81,273,0,1,ok
xcr1_human,xcr1,0,0,1,0,Y,Y,L,I,205,287,73,227,1,1,ok
