pdb_id,gpcrdb_entry,chain_used,numbering_strategy,d_npxxy_oh,d_tilt,uniprot_acc,pos_5_58,pos_7_53,pos_2x46,pos_6x37,auth_5_58,auth_7_53,auth_2x46,auth_6x37,npxxy_note,tilt_note,status,receptor_slug,state,gpcr_class,resolution,method,role,on_panel48
6ME3,mtr1a_human,A,identity,9.45181,11.892704,P48039,207,295,69,240,207,295,69,240,[identity; SIFTS unusable: sifts/A: 5.58: identity check failed at A/198: VAL is not Y],,ok,mtr1a,Inactive,Class A (Rhodopsin),2.9,X-ray diffraction,calibration,0
7XNA,ssr2_human,A,identity,11.333022,12.035052,P30874,228,312,85,258,228,312,85,258,[identity; SIFTS unusable: sifts/A: 5.58: identity check failed at A/253: LYS is not Y],,ok,ssr2,Inactive,Class A (Rhodopsin),2.65,X-ray diffraction,calibration,0
7UL2,ntr1_human,R,identity,12.10771,12.283851,P30989,256,364,108,305,256,364,108,305,[identity; SIFTS unusable: sifts/R: 5.58: UniProt 256 outside every sifts segment of chain R],,ok,ntr1,Inactive,Class A (Rhodopsin),2.4,Electron microscopy,calibration,0
7XN9,ssr2_human,A,identity,11.758589,11.974084,P30874,228,312,85,258,228,312,85,258,[identity; SIFTS unusable: sifts/A: 5.58: identity check failed at A/253: LYS is not Y],,ok,ssr2,Inactive,Class A (Rhodopsin),2.6,X-ray diffraction,calibration,0
6D26,pd2r2_human,,,,,Q9Y5Y4,226,304,73,248,,,,,,,sifts/A: 5.58: identity check failed at A/227: ALA is not Y | identity/A: 5.58: identity check failed at A/226: HIS is not Y,pd2r2,Inactive,Class A (Rhodopsin),2.8,X-ray diffraction,calibration,0
6ME5,mtr1a_human,A,identity,9.411153,11.599678,P48039,207,295,69,240,207,295,69,240,[identity; SIFTS unusable: sifts/A: 5.58: identity check failed at A/198: VAL is not Y],,ok,mtr1a,Inactive,Class A (Rhodopsin),3.2,X-ray diffraction,calibration,0
6E59,nk1r_human,A,sifts,9.838288,11.98386,P25103,216,305,74,250,216,305,74,250,,,ok,nk1r,Inactive,Class A (Rhodopsin),3.4,X-ray diffraction,calibration,0
4BWB,ntr1_rat,,,,,P20789,257,369,109,310,,,,,,,sifts/A: 5.58: identity check failed at A/212: ASN is not Y | sifts/B: 5.58: identity check failed at B/212: ASN is not Y | identity/A: 5.58: identity check failed at A/257: ASN is not Y | identity/B: 5.58: identity check failed at B/257: ASN is not Y,ntr1,Inactive,Class A (Rhodopsin),3.57,X-ray diffraction,calibration,0
5O9H,c5ar1_human,A,sifts,11.685223,11.003106,P21730,222,300,78,244,222,300,78,244,,,ok,c5ar1,Inactive,Class A (Rhodopsin),2.7,X-ray diffraction,calibration,0
6KUW,ada2c_human,A,identity,10.040724,11.923057,P18825,230,437,93,384,230,437,93,384,[identity; SIFTS unusable: sifts/A: 5.58: identity check failed at A/202: CYS is not Y],,ok,ada2c,Inactive,Class A (Rhodopsin),2.8,X-ray diffraction,calibration,0
5YHL,pe2r4_human,,,,,P35408,203,329,61,274,,,,,,,sifts/A: 5.58: identity check failed at A/203: ASN is not Y | identity/A: 5.58: identity check failed at A/203: ASN is not Y,pe2r4,Inactive,Class A (Rhodopsin),4.2,X-ray diffraction,calibration,0
6PS8,mtr1a_human,A,identity,9.136324,11.687809,P48039,207,295,69,240,207,295,69,240,[identity; SIFTS unusable: sifts/A: 5.58: identity check failed at A/198: VAL is not Y],,ok,mtr1a,Inactive,Class A (Rhodopsin),3.3,X-ray diffraction,calibration,0
4DKL,oprm_mouse,A,identity,13.194219,11.671055,P42866,252,336,110,282,252,336,110,282,[identity; SIFTS unusable: sifts/A: 5.58: identity check failed at A/201: PRO is not Y],,ok,oprm,Inactive,Class A (Rhodopsin),2.8,X-ray diffraction,calibration,0
6Z4S,ntr1_rat,,,,,P20789,257,369,109,310,,,,,,,sifts/AAA: 5.58: identity check failed at AAA/212: ASN is not Y | identity/AAA: 5.58: identity check failed at AAA/257: ASN is not Y,ntr1,Inactive,Class A (Rhodopsin),2.71,X-ray diffraction,calibration,0
7M8W,pd2r2_human,,,,,Q9Y5Y4,226,304,73,248,,,,,,,sifts/A: 5.58: identity check failed at A/227: ALA is not Y | identity/A: 5.58: identity check failed at A/226: HIS is not Y,pd2r2,Inactive,Class A (Rhodopsin),2.61,X-ray diffraction,calibration,0
7XJK,galr2_human,F,identity,4.465539,16.345476,O43603,207,292,67,238,207,292,67,238,[identity; SIFTS unusable: sifts/F: 5.58: residue F/217 not modelled],,ok,galr2,Active,Class A (Rhodopsin),3.3,Electron microscopy,calibration,0
7X9Y,ccr3_human,,,,,P51677,219,301,76,241,,,,,,,sifts/R: 7.53: residue R/301 not modelled | identity/R: 7.53: residue R/301 not modelled,ccr3,Active,Class A (Rhodopsin),3.1,Electron microscopy,calibration,0
8XXV,pd2r2_human,,,,,Q9Y5Y4,226,304,73,248,,,,,,,sifts/A: 5.58: identity check failed at A/226: HIS is not Y | identity/A: 5.58: identity check failed at A/226: HIS is not Y,pd2r2,Active,Class A (Rhodopsin),2.33,Electron microscopy,calibration,0
8JEI,hcar3_human,,,,,P49019,208,294,69,233,,,,,,,sifts/A: 5.58: identity check failed at A/208: SER is not Y | identity/A: 5.58: identity check failed at A/208: SER is not Y,hcar3,Active,Class A (Rhodopsin),2.73,Electron microscopy,calibration,0
4PHU,ffar1_human,,,,,O14842,202,276,48,225,,,,,,,sifts/A: 5.58: identity check failed at A/202: PHE is not Y | identity/A: 5.58: identity check failed at A/202: PHE is not Y,ffar1,Active,Class A (Rhodopsin),2.33,X-ray diffraction,calibration,0
7VL8,ccr1_human,R,identity,4.589315,17.870345,P32246,219,301,76,241,219,301,76,241,[identity; SIFTS unusable: sifts/R: 5.58: identity check failed at R/223: ILE is not Y],,ok,ccr1,Active,Class A (Rhodopsin),2.9,Electron microscopy,calibration,0
6RNK,sucr1_rat,A,identity,25.593577,15.235253,Q6IYF9,203,290,61,230,203,290,61,230,[identity; SIFTS unusable: sifts/A: 5.58: identity check failed at A/210: LEU is not Y],,ok,sucr1,Active,Class A (Rhodopsin),1.94,X-ray diffraction,calibration,0
7SK7,ackr3_human,A,identity,4.654959,17.931981,P25106,232,315,86,254,232,315,86,254,[identity; SIFTS unusable: sifts/A: 5.58: identity check failed at A/234: LEU is not Y],,ok,ackr3,Active,Class A (Rhodopsin),3.3,Electron microscopy,calibration,0
7R0C,v2r_human,,,,,P30518,225,325,81,273,,,,,,,sifts/A: 5.58: identity check failed at A/232: ILE is not Y | identity/A: 5.58: identity check failed at A/225: GLN is not Y,v2r,Active,Class A (Rhodopsin),4.73,Electron microscopy,calibration,0
4GRV,ntr1_rat,,,,,P20789,257,369,109,310,,,,,,,sifts/A: 5.58: identity check failed at A/225: CYS is not Y | identity/A: 5.58: identity check failed at A/257: ASN is not Y,ntr1,Active,Class A (Rhodopsin),2.8,X-ray diffraction,calibration,0
6M9T,pe2r3_human,,,,,P43115,249,346,95,284,,,,,,,sifts/A: 5.58: residue A/261 not modelled | identity/A: 5.58: identity check failed at A/249: ASN is not Y,pe2r3,Active,Class A (Rhodopsin),2.5,X-ray diffraction,calibration,0
8G59,ffar4_human,R,sifts,4.064499,18.377592,Q5NUL3,227,321,81,265,227,321,81,265,,,ok,ffar4,Active,Class A (Rhodopsin),2.64,Electron microscopy,calibration,0
8UGY,5ht1e_human,R,sifts,4.054362,18.270862,P28566,202,344,64,293,202,344,64,293,,,ok,5ht1e,Active,Class A (Rhodopsin),3.31,Electron microscopy,calibration,0
8ZBE,ssr5_human,A,identity,3.130185,17.637634,P35346,221,304,82,250,221,304,82,250,[identity; SIFTS unusable: sifts/A: 5.58: identity check failed at A/269: ILE is not Y],,ok,ssr5,Active,Class A (Rhodopsin),3.24,Electron microscopy,calibration,0
5XJM,agtr2_human,A,sifts,13.56192,17.194139,P50052,231,318,86,258,231,318,86,258,,,ok,agtr2,Active,Class A (Rhodopsin),3.2,X-ray diffraction,calibration,0
