backbone,axis,sigma_err,var_ref,var_err,slope_ols,slope_corrected,unstable
boltz,tilt,0.0,1.3703249111057265,0.0,-0.2979084598338442,-0.2979084598338442,False
boltz,tilt,0.1,1.3703249111057265,0.010000000000000002,-0.2979084598338442,-0.3000984400172674,False
boltz,tilt,0.2,1.3703249111057265,0.04000000000000001,-0.2979084598338442,-0.306865924505726,False
boltz,tilt,0.30000000000000004,1.3703249111057265,0.09000000000000002,-0.2979084598338442,-0.3188498327248009,False
boltz,tilt,0.4,1.3703249111057265,0.16000000000000003,-0.2979084598338442,-0.3372907390351118,False
boltz,tilt,0.5,1.3703249111057265,0.25,-0.2979084598338442,-0.3643865986489085,False
boltz,tilt,0.6000000000000001,1.3703249111057265,0.3600000000000001,-0.2979084598338442,-0.4040595052661595,False
boltz,tilt,0.7000000000000001,1.3703249111057265,0.4900000000000001,-0.2979084598338442,-0.4637280833353904,False
boltz,tilt,0.8,1.3703249111057265,0.6400000000000001,-0.2979084598338442,-0.5589722841596435,False
boltz,tilt,0.9,1.3703249111057265,0.81,-0.2979084598338442,-0.728561903367577,False
boltz,tilt,1.0,1.3703249111057265,1.0,-0.2979084598338442,-1.102360039783842,True
boltz,tilt,1.1,1.3703249111057265,1.2100000000000002,-0.2979084598338442,-2.546275441065101,True
boltz,tilt,1.2000000000000002,1.3703249111057265,1.4400000000000004,-0.2979084598338442,,True
boltz,tilt,1.3,1.3703249111057265,1.6900000000000002,-0.2979084598338442,,True
boltz,tilt,1.4000000000000001,1.3703249111057265,1.9600000000000004,-0.2979084598338442,,True
boltz,tilt,1.5,1.3703249111057265,2.25,-0.2979084598338442,,True
boltz,tilt,1.6,1.3703249111057265,2.5600000000000005,-0.2979084598338442,,True
boltz,tilt,1.7000000000000002,1.3703249111057265,2.8900000000000006,-0.2979084598338442,,True
boltz,tilt,1.8,1.3703249111057265,3.24,-0.2979084598338442,,True
boltz,tilt,1.9000000000000001,1.3703249111057265,3.6100000000000003,-0.2979084598338442,,True
boltz,tilt,2.0,1.3703249111057265,4.0,-0.2979084598338442,,True
boltz,npxxy,0.0,27.27187972438473,0.0,0.0421693230431286,0.042169323043128606,False
boltz,npxxy,0.1,27.27187972438473,0.010000000000000002,0.0421693230431286,0.042184791280634404,False
boltz,npxxy,0.2,27.27187972438473,0.04000000000000001,0.0421693230431286,0.04223126415548651,False
boltz,npxxy,0.30000000000000004,27.27187972438473,0.09000000000000002,0.0421693230431286,0.0423089469069807,False
boltz,npxxy,0.4,27.27187972438473,0.16000000000000003,0.0421693230431286,0.04241818412378736,False
boltz,npxxy,0.5,27.27187972438473,0.25,0.0421693230431286,0.04255946358362064,False
boltz,npxxy,0.6000000000000001,27.27187972438473,0.3600000000000001,0.0421693230431286,0.04273342174046972,False
boltz,npxxy,0.7000000000000001,27.27187972438473,0.4900000000000001,0.0421693230431286,0.04294085097558808,False
boltz,npxxy,0.8,27.27187972438473,0.6400000000000001,0.0421693230431286,0.04318270876831612,False
boltz,npxxy,0.9,27.27187972438473,0.81,0.0421693230431286,0.043460128988159714,False
boltz,npxxy,1.0,27.27187972438473,1.0,0.0421693230431286,0.04377443556212314,False
boltz,npxxy,1.1,27.27187972438473,1.2100000000000002,0.0421693230431286,0.04412715883324793,False
boltz,npxxy,1.2000000000000002,27.27187972438473,1.4400000000000004,0.0421693230431286,0.04452005500030721,False
boltz,npxxy,1.3,27.27187972438473,1.6900000000000002,0.0421693230431286,0.04495512911800262,False
boltz,npxxy,1.4000000000000001,27.27187972438473,1.9600000000000004,0.0421693230431286,0.04543466224608427,False
boltz,npxxy,1.5,27.27187972438473,2.25,0.0421693230431286,0.04596124347005698,False
boltz,npxxy,1.6,27.27187972438473,2.5600000000000005,0.0421693230431286,0.04653780768267971,False
boltz,npxxy,1.7000000000000002,27.27187972438473,2.8900000000000006,0.0421693230431286,0.04716768022363582,False
boltz,npxxy,1.8,27.27187972438473,3.24,0.0421693230431286,0.04785462973684936,False
boltz,npxxy,1.9000000000000001,27.27187972438473,3.6100000000000003,0.0421693230431286,0.04860293093729825,False
boltz,npxxy,2.0,27.27187972438473,4.0,0.0421693230431286,0.049417439403740895,False
chai,tilt,0.0,1.3703249111057265,0.0,-0.6593934230211177,-0.6593934230211177,False
chai,tilt,0.1,1.3703249111057265,0.010000000000000002,-0.6593934230211177,-0.6642407460219524,False
chai,tilt,0.2,1.3703249111057265,0.04000000000000001,-0.6593934230211177,-0.6792199606591464,False
chai,tilt,0.30000000000000004,1.3703249111057265,0.09000000000000002,-0.6593934230211177,-0.7057452572759462,False
chai,tilt,0.4,1.3703249111057265,0.16000000000000003,-0.6593934230211177,-0.7465625349804789,False
chai,tilt,0.5,1.3703249111057265,0.25,-0.6593934230211177,-0.806536768778358,False
chai,tilt,0.6000000000000001,1.3703249111057265,0.3600000000000001,-0.6593934230211177,-0.894349158228919,False
chai,tilt,0.7000000000000001,1.3703249111057265,0.4900000000000001,-0.6593934230211177,-1.0264201573600524,False
chai,tilt,0.8,1.3703249111057265,0.6400000000000001,-0.6593934230211177,-1.2372345788083154,False
chai,tilt,0.9,1.3703249111057265,0.81,-0.6593934230211177,-1.6126058575586313,False
chai,tilt,1.0,1.3703249111057265,1.0,-0.6593934230211177,-2.439974213690269,True
chai,tilt,1.1,1.3703249111057265,1.2100000000000002,-0.6593934230211177,-5.6359503183460085,True
chai,tilt,1.2000000000000002,1.3703249111057265,1.4400000000000004,-0.6593934230211177,,True
chai,tilt,1.3,1.3703249111057265,1.6900000000000002,-0.6593934230211177,,True
chai,tilt,1.4000000000000001,1.3703249111057265,1.9600000000000004,-0.6593934230211177,,True
chai,tilt,1.5,1.3703249111057265,2.25,-0.6593934230211177,,True
chai,tilt,1.6,1.3703249111057265,2.5600000000000005,-0.6593934230211177,,True
chai,tilt,1.7000000000000002,1.3703249111057265,2.8900000000000006,-0.6593934230211177,,True
chai,tilt,1.8,1.3703249111057265,3.24,-0.6593934230211177,,True
chai,tilt,1.9000000000000001,1.3703249111057265,3.6100000000000003,-0.6593934230211177,,True
chai,tilt,2.0,1.3703249111057265,4.0,-0.6593934230211177,,True
chai,npxxy,0.0,27.27187972438473,0.0,0.36598313496415036,0.36598313496415036,False
chai,npxxy,0.1,27.27187972438473,0.010000000000000002,0.36598313496415036,0.3661173821762518,False
chai,npxxy,0.2,27.27187972438473,0.04000000000000001,0.36598313496415036,0.3665207153863148,False
chai,npxxy,0.30000000000000004,27.27187972438473,0.09000000000000002,0.36598313496415036,0.3671949158446766,False
chai,npxxy,0.4,27.27187972438473,0.16000000000000003,0.36598313496415036,0.36814297420029146,False
chai,npxxy,0.5,27.27187972438473,0.25,0.36598313496415036,0.3693691238248169,False
chai,npxxy,0.6000000000000001,27.27187972438473,0.3600000000000001,0.36598313496415036,0.37087888843571903,False
chai,npxxy,0.7000000000000001,27.27187972438473,0.4900000000000001,0.36598313496415036,0.37267914502684785,False
chai,npxxy,0.8,27.27187972438473,0.6400000000000001,0.36598313496415036,0.3747782034610463,False
chai,npxxy,0.9,27.27187972438473,0.81,0.36598313496415036,0.37718590447291606,False
chai,npxxy,1.0,27.27187972438473,1.0,0.36598313496415036,0.3799137382861676,False
chai,npxxy,1.1,27.27187972438473,1.2100000000000002,0.36598313496415036,0.3829749865876647,False
chai,npxxy,1.2000000000000002,27.27187972438473,1.4400000000000004,0.36598313496415036,0.38638489124249376,False
chai,npxxy,1.3,27.27187972438473,1.6900000000000002,0.36598313496415036,0.39016085391026234,False
chai,npxxy,1.4000000000000001,27.27187972438473,1.9600000000000004,0.36598313496415036,0.394322671669466,False
chai,npxxy,1.5,27.27187972438473,2.25,0.36598313496415036,0.39889281492184137,False
chai,npxxy,1.6,27.27187972438473,2.5600000000000005,0.36598313496415036,0.4038967552940402,False
chai,npxxy,1.7000000000000002,27.27187972438473,2.8900000000000006,0.36598313496415036,0.40936335306064847,False
chai,npxxy,1.8,27.27187972438473,3.24,0.36598313496415036,0.4153253158872952,False
chai,npxxy,1.9000000000000001,27.27187972438473,3.6100000000000003,0.36598313496415036,0.4218197435772447,False
chai,npxxy,2.0,27.27187972438473,4.0,0.36598313496415036,0.4288887771896327,False
of3,tilt,0.0,1.3703249111057265,0.0,0.23257695712787163,0.23257695712787166,False
of3,tilt,0.1,1.3703249111057265,0.010000000000000002,0.23257695712787163,0.23428667335249642,False
of3,tilt,0.2,1.3703249111057265,0.04000000000000001,0.23257695712787163,0.23957004446123778,False
of3,tilt,0.30000000000000004,1.3703249111057265,0.09000000000000002,0.23257695712787163,0.24892587446904174,False
of3,tilt,0.4,1.3703249111057265,0.16000000000000003,0.23257695712787163,0.2633226790402325,False
of3,tilt,0.5,1.3703249111057265,0.25,0.23257695712787163,0.284476400499689,False
of3,tilt,0.6000000000000001,1.3703249111057265,0.3600000000000001,0.23257695712787163,0.315449015062581,False
of3,tilt,0.7000000000000001,1.3703249111057265,0.4900000000000001,0.23257695712787163,0.36203223841658927,False
of3,tilt,0.8,1.3703249111057265,0.6400000000000001,0.23257695712787163,0.43638932926300417,False
of3,tilt,0.9,1.3703249111057265,0.81,0.23257695712787163,0.5687878439539076,False
of3,tilt,1.0,1.3703249111057265,1.0,0.23257695712787163,0.860611826382108,True
of3,tilt,1.1,1.3703249111057265,1.2100000000000002,0.23257695712787163,1.9878757200203296,True
of3,tilt,1.2000000000000002,1.3703249111057265,1.4400000000000004,0.23257695712787163,,True
of3,tilt,1.3,1.3703249111057265,1.6900000000000002,0.23257695712787163,,True
of3,tilt,1.4000000000000001,1.3703249111057265,1.9600000000000004,0.23257695712787163,,True
of3,tilt,1.5,1.3703249111057265,2.25,0.23257695712787163,,True
of3,tilt,1.6,1.3703249111057265,2.5600000000000005,0.23257695712787163,,True
of3,tilt,1.7000000000000002,1.3703249111057265,2.8900000000000006,0.23257695712787163,,True
of3,tilt,1.8,1.3703249111057265,3.24,0.23257695712787163,,True
of3,tilt,1.9000000000000001,1.3703249111057265,3.6100000000000003,0.23257695712787163,,True
of3,tilt,2.0,1.3703249111057265,4.0,0.23257695712787163,,True
of3,npxxy,0.0,27.27187972438473,0.0,0.17560110783703026,0.17560110783703026,False
of3,npxxy,0.1,27.27187972438473,0.010000000000000002,0.17560110783703026,0.17566552052962975,False
of3,npxxy,0.2,27.27187972438473,0.04000000000000001,0.17560110783703026,0.1758590424483965,False
of3,npxxy,0.30000000000000004,27.27187972438473,0.09000000000000002,0.17560110783703026,0.1761825282489216,False
of3,npxxy,0.4,27.27187972438473,0.16000000000000003,0.17560110783703026,0.17663741286418244,False
of3,npxxy,0.5,27.27187972438473,0.25,0.17560110783703026,0.1772257274936577,False
of3,npxxy,0.6000000000000001,27.27187972438473,0.3600000000000001,0.17560110783703026,0.17795012245320554,False
of3,npxxy,0.7000000000000001,27.27187972438473,0.4900000000000001,0.17560110783703026,0.17881389736956638,False
of3,npxxy,0.8,27.27187972438473,0.6400000000000001,0.17560110783703026,0.1798210393694184,False
of3,npxxy,0.9,27.27187972438473,0.81,0.17560110783703026,0.18097627010174733,False
of3,npxxy,1.0,27.27187972438473,1.0,0.17560110783703026,0.18228510265122863,False
of3,npxxy,1.1,27.27187972438473,1.2100000000000002,0.17560110783703026,0.183753909658305,False
of3,npxxy,1.2000000000000002,27.27187972438473,1.4400000000000004,0.17560110783703026,0.18539000426978286,False
of3,npxxy,1.3,27.27187972438473,1.6900000000000002,0.17560110783703026,0.18720173591604133,False
of3,npxxy,1.4000000000000001,27.27187972438473,1.9600000000000004,0.17560110783703026,0.18919860336514818,False
of3,npxxy,1.5,27.27187972438473,2.25,0.17560110783703026,0.19139138806319075,False
of3,npxxy,1.6,27.27187972438473,2.5600000000000005,0.17560110783703026,0.19379231146364917,False
of3,npxxy,1.7000000000000002,27.27187972438473,2.8900000000000006,0.17560110783703026,0.19641522091550104,False
of3,npxxy,1.8,27.27187972438473,3.24,0.17560110783703026,0.19927580977117304,False
of3,npxxy,1.9000000000000001,27.27187972438473,3.6100000000000003,0.17560110783703026,0.20239187875952774,False
of3,npxxy,2.0,27.27187972438473,4.0,0.17560110783703026,0.20578364743704927,False
protenix,tilt,0.0,1.3703249111057265,0.0,0.08229833481023822,0.08229833481023822,False
protenix,tilt,0.1,1.3703249111057265,0.010000000000000002,0.08229833481023822,0.08290332508968067,False
protenix,tilt,0.2,1.3703249111057265,0.04000000000000001,0.08229833481023822,0.08477286818545209,False
protenix,tilt,0.30000000000000004,1.3703249111057265,0.09000000000000002,0.08229833481023822,0.08808346799687962,False
protenix,tilt,0.4,1.3703249111057265,0.16000000000000003,0.08229833481023822,0.09317783786665997,False
protenix,tilt,0.5,1.3703249111057265,0.25,0.08229833481023822,0.10066317120600583,False
protenix,tilt,0.6000000000000001,1.3703249111057265,0.3600000000000001,0.08229833481023822,0.11162296118143276,False
protenix,tilt,0.7000000000000001,1.3703249111057265,0.4900000000000001,0.08229833481023822,0.1281066307567488,False
protenix,tilt,0.8,1.3703249111057265,0.6400000000000001,0.08229833481023822,0.1544182001983812,False
protenix,tilt,0.9,1.3703249111057265,0.81,0.08229833481023822,0.20126797166744145,False
protenix,tilt,1.0,1.3703249111057265,1.0,0.08229833481023822,0.3045311156526329,True
protenix,tilt,1.1,1.3703249111057265,1.2100000000000002,0.08229833481023822,0.7034181871999865,True
protenix,tilt,1.2000000000000002,1.3703249111057265,1.4400000000000004,0.08229833481023822,,True
protenix,tilt,1.3,1.3703249111057265,1.6900000000000002,0.08229833481023822,,True
protenix,tilt,1.4000000000000001,1.3703249111057265,1.9600000000000004,0.08229833481023822,,True
protenix,tilt,1.5,1.3703249111057265,2.25,0.08229833481023822,,True
protenix,tilt,1.6,1.3703249111057265,2.5600000000000005,0.08229833481023822,,True
protenix,tilt,1.7000000000000002,1.3703249111057265,2.8900000000000006,0.08229833481023822,,True
protenix,tilt,1.8,1.3703249111057265,3.24,0.08229833481023822,,True
protenix,tilt,1.9000000000000001,1.3703249111057265,3.6100000000000003,0.08229833481023822,,True
protenix,tilt,2.0,1.3703249111057265,4.0,0.08229833481023822,,True
protenix,npxxy,0.0,27.27187972438473,0.0,0.2572441216209084,0.2572441216209084,False
protenix,npxxy,0.1,27.27187972438473,0.010000000000000002,0.2572441216209084,0.2573384819967231,False
protenix,npxxy,0.2,27.27187972438473,0.04000000000000001,0.2572441216209084,0.25762197893259525,False
protenix,npxxy,0.30000000000000004,27.27187972438473,0.09000000000000002,0.2572441216209084,0.25809586444298815,False
protenix,npxxy,0.4,27.27187972438473,0.16000000000000003,0.2572441216209084,0.2587622406107299,False
protenix,npxxy,0.5,27.27187972438473,0.25,0.2572441216209084,0.259624083010019,False
protenix,npxxy,0.6000000000000001,27.27187972438473,0.3600000000000001,0.2572441216209084,0.26068527417999976,False
protenix,npxxy,0.7000000000000001,27.27187972438473,0.4900000000000001,0.2572441216209084,0.261950647857731,False
protenix,npxxy,0.8,27.27187972438473,0.6400000000000001,0.2572441216209084,0.263426044922651,False
protenix,npxxy,0.9,27.27187972438473,0.81,0.2572441216209084,0.26511838228126966,False
protenix,npxxy,1.0,27.27187972438473,1.0,0.2572441216209084,0.2670357362415456,False
protenix,npxxy,1.1,27.27187972438473,1.2100000000000002,0.2572441216209084,0.269187442304338,False
protenix,npxxy,1.2000000000000002,27.27187972438473,1.4400000000000004,0.2572441216209084,0.27158421375072844,False
protenix,npxxy,1.3,27.27187972438473,1.6900000000000002,0.2572441216209084,0.274238281949359,False
protenix,npxxy,1.4000000000000001,27.27187972438473,1.9600000000000004,0.2572441216209084,0.27716356197330744,False
protenix,npxxy,1.5,27.27187972438473,2.25,0.2572441216209084,0.28037584793493836,False
protenix,npxxy,1.6,27.27187972438473,2.5600000000000005,0.2572441216209084,0.2838930434631306,False
protenix,npxxy,1.7000000000000002,27.27187972438473,2.8900000000000006,0.2572441216209084,0.28773543401717544,False
protenix,npxxy,1.8,27.27187972438473,3.24,0.2572441216209084,0.2919260093305091,False
protenix,npxxy,1.9000000000000001,27.27187972438473,3.6100000000000003,0.2572441216209084,0.2964908463050195,False
protenix,npxxy,2.0,27.27187972438473,4.0,0.2572441216209084,0.3014595652666338,False
