row_id,receptor,backbone,arm,plddt_mean,plddt_at_anchors,min_plddt_at_anchor,rmsd_to_active_ref,rmsd_to_inactive_ref,delta_to_active,excl_any
552,AA2AR,boltz,apo,73.26403153984292,84.31394996643067,73.33599853515625,3.1064,0.8574,-10.936429424451145,False
553,AA2AR,boltz,apo,72.72574760381458,83.26870040893554,68.09700012207031,2.4148,0.7691,-7.776204223979265,False
554,AA2AR,boltz,apo,71.7061772161317,83.17309951782227,68.73899841308594,2.8774,0.4076,-10.499856047495982,False
555,AA2AR,boltz,apo,72.07436895833432,83.15690040588379,68.69499969482422,2.8889,0.372,-10.451583119145903,False
556,AA2AR,boltz,apo,71.00551707073323,79.09964923858642,60.18299865722656,1.3636,2.2084,-3.4844451686868663,False
557,AA2AR,boltz,apo,73.58167010372125,85.40525016784667,71.9280014038086,2.9009,0.3885,-10.925303633058864,False
558,AA2AR,boltz,apo,72.31647813204422,83.22224998474121,67.57099914550781,2.79,0.6678,-8.23927026814089,False
559,AA2AR,boltz,apo,71.77455589609238,82.57545013427735,68.81199645996094,2.8526,0.3611,-10.601423420904824,False
560,AA2AR,boltz,apo,70.68043454179487,80.57609996795654,63.75400161743164,2.9878,0.8764,-10.729108332648735,False
561,AA2AR,boltz,apo,70.38721835034565,80.48050003051758,64.16500091552734,3.0708,0.7204,-11.15929363352416,False
562,AA2AR,boltz,apo,73.11196367023061,85.3579002380371,71.052001953125,3.0067,0.538,-10.855361542920424,False
563,AA2AR,boltz,apo,72.2932013030191,83.76380004882813,69.65799713134766,3.2311,1.4628,-10.696758783957364,False
564,AA2AR,boltz,apo,71.88857043831094,82.2981502532959,68.9800033569336,3.1204,0.8635,-10.584980787246664,False
565,AA2AR,boltz,apo,71.32632271757403,82.3556999206543,68.90699768066406,3.0416,0.9786,-10.653151740185486,False
566,AA2AR,boltz,apo,69.83140780624834,81.60250053405761,64.71299743652344,3.2909,1.1783,-11.083908184856664,False
567,AA2AR,boltz,apo,73.93223304192996,84.64999961853027,71.74700164794922,3.1018,0.9481,-10.753350112497532,False
568,AA2AR,boltz,apo,72.82424510103985,84.10985107421875,70.72000122070312,2.8934,0.4577,-10.360148173530524,False
569,AA2AR,boltz,apo,72.03606307390824,84.06095008850097,69.7750015258789,2.8981,0.4558,-10.585551884963872,False
570,AA2AR,boltz,apo,71.71835917408026,83.393550491333,69.20899963378906,2.9921,0.6269,-10.746529999823016,False
571,AA2AR,boltz,apo,70.84479865750063,81.54474983215331,67.25800323486328,3.0525,0.676,-10.856193450027426,False
572,AA2AR,chai,apo,78.53750223157438,89.36081345326973,73.54381734674627,2.739,0.3672,-10.115407057324727,False
573,AA2AR,chai,apo,78.1849943046132,89.14634374244216,74.02972758900036,2.8674,0.3804,-10.19129854906334,False
574,AA2AR,chai,apo,78.29556333840343,89.22384694970532,73.57536315917969,2.8809,0.3731,-10.394519336139613,False
575,AA2AR,chai,apo,77.94937847240402,88.74205830267154,73.98436320911755,2.6834,0.4533,-10.035968568952402,False
576,AA2AR,chai,apo,78.27511536135417,89.23499560920362,73.49590995094992,2.7923,0.3698,-10.062519703608416,False
577,AA2AR,chai,apo,77.95803736791174,89.02456119106617,73.65754560990767,2.8799,0.3405,-10.51008060900655,False
578,AA2AR,chai,apo,77.96902254162339,88.99858020486599,73.77899898182262,2.8456,0.4124,-10.48283618652952,False
579,AA2AR,chai,apo,77.65035416473549,88.19930023625471,73.33636335893111,2.4062,0.5934,-8.535711268817987,False
580,AA2AR,chai,apo,77.83910092550477,88.60326046367058,73.70381858132102,2.65,0.4611,-9.804642441394147,False
581,AA2AR,chai,apo,78.21171951741395,89.21121161818675,73.6316365328702,2.8418,0.3764,-10.219023953109158,False
582,AA2AR,chai,apo,78.0931089794952,88.76630242464691,74.07136431607333,2.7512,0.3507,-10.124677281160704,False
583,AA2AR,chai,apo,78.29677955871502,89.24648838831749,74.32072691483931,2.8594,0.3816,-10.384451024686292,False
588,AA2AR,chai,apo,78.40975337694502,89.45608386115423,74.05818245627664,2.8244,0.341,-10.170334000483535,False
589,AA2AR,chai,apo,78.0069185495066,88.67850288861757,74.07436301491477,2.6895,0.423,-9.80820663042942,False
590,AA2AR,chai,apo,78.0399425677876,88.62625934065507,74.03654514659534,2.8248,0.3664,-10.199010669254362,False
591,AA2AR,chai,apo,78.08161639845945,89.07109921049417,74.16581760753284,2.823,0.3948,-10.401314776216664,False
592,AA2AR,chai,apo,78.18754584269912,89.22185655094329,74.16118275035511,2.8632,0.3837,-10.275464970251486,False
593,AA2AR,chai,apo,77.92227077431757,88.71669679083006,74.17227207530628,2.7246,0.393,-9.720137915410325,False
594,AA2AR,chai,apo,78.37185344058305,89.44328514213342,74.14645489779386,2.8659,0.3734,-10.327977736743463,False
595,AA2AR,chai,apo,78.11430708014169,89.24368880807236,74.45863619717684,2.8524,0.355,-10.447000126846294,False
596,AA2AR,chai,apo,77.92862131114393,88.55642415246236,73.64572663740678,2.7898,0.3881,-10.033691297491282,False
597,AA2AR,chai,apo,78.16332027903623,89.04495167022144,73.61399945345792,2.8384,0.409,-10.363727012435302,False
598,AA2AR,chai,apo,78.40410340905305,89.3425107461068,73.5503640608354,2.8622,0.395,-10.394805511902804,False
599,AA2AR,chai,apo,78.18620982210855,89.28445191533363,74.10890891335227,2.8762,0.3846,-10.47260299150858,False
600,AA2AR,chai,apo,77.92955363149272,88.62532221754219,73.58827278830789,2.7999,0.332,-9.89275768463332,False
601,AA2AR,protenix,apo,76.28220041729162,87.5228234092773,74.47363662719727,2.8589,0.4882,-10.31860054879154,False
602,AA2AR,protenix,apo,76.08883946739827,87.54437758737484,74.50181718306108,2.9218,0.538,-10.608761083952643,False
603,AA2AR,protenix,apo,76.10113452020505,87.52406912994935,74.46909054842862,2.8582,0.4548,-10.517994543584267,False
604,AA2AR,protenix,apo,76.04305637113454,87.54023280160251,74.54727242209695,2.8904,0.4223,-10.62936823896652,False
605,AA2AR,protenix,apo,76.19016314232783,87.5435342317226,74.53000016645952,2.8938,0.4312,-10.59809027619922,False
606,AA2AR,protenix,apo,76.08682515305338,87.42123898687815,74.1936361139471,2.8897,0.4675,-10.3673549196398,False
607,AA2AR,protenix,apo,76.58802484612788,88.0056526395184,75.00545467029919,2.8701,0.4408,-10.531305980838097,False
608,AA2AR,protenix,apo,77.1830846674603,88.01045205413521,74.97090842507102,2.9065,0.4481,-10.559772005238823,False
609,AA2AR,protenix,apo,76.91004278955226,88.00867697351079,74.99545426802202,2.8832,0.4617,-10.624373511790406,False
610,AA2AR,protenix,apo,75.3123387383056,87.47855622938356,74.25000034679066,2.9043,0.5038,-10.501660052109225,False
611,AA2AR,protenix,apo,75.94110427324368,87.41291359209222,74.15363762595437,2.8747,0.452,-10.382588679872832,False
612,AA2AR,protenix,apo,76.38024281119206,87.38050375087953,74.12727286598899,2.8803,0.5005,-10.219716863521048,False
613,AA2AR,protenix,apo,76.14427771348147,87.4219869226673,74.16636380282316,2.8674,0.4605,-10.542176996586305,False
614,AA2AR,protenix,apo,76.91012406820649,88.00615669094982,75.04363562844016,2.8723,0.4637,-10.50429226590683,False
615,AA2AR,protenix,apo,76.98951058369084,88.00448246635229,75.00999866832386,2.9199,0.4582,-10.651743713665674,False
616,AA2AR,protenix,apo,76.24205807425105,88.02686177029412,75.0754543651234,2.7832,0.3963,-10.09800529510713,False
617,AA2AR,protenix,apo,76.13972604981966,88.09269732674822,75.09999882091175,2.9092,0.4606,-10.50687577986822,False
618,AA2AR,protenix,apo,77.26547424075139,88.06856241601886,75.0509085221724,2.9096,0.4089,-10.67641991308944,False
619,AA2AR,protenix,apo,76.99548493861504,88.07918547878018,75.06909075650302,2.871,0.4711,-10.395779912880869,False
620,AA2AR,protenix,apo,77.28966769650417,88.08010982942788,75.05272709239613,2.9184,0.4368,-10.57371415347691,False
621,AA2AR,protenix,apo,76.30160024776691,88.09653619129077,74.97454521872781,2.9256,0.4455,-10.699883995276911,False
622,AA2AR,protenix,apo,76.74611741772775,88.10629799085952,75.22272803566672,2.8941,0.4485,-10.515538680387284,False
623,AA2AR,protenix,apo,77.27725152171926,88.07684213255735,75.18454534357244,2.9063,0.4544,-10.403632847216585,False
625,AA2AR,boltz,apo,73.27300723548075,85.12299957275391,72.74500274658203,2.8268,0.3496,-10.089464916027008,False
626,AA2AR,boltz,apo,72.84471830812473,85.04155006408692,72.72599792480469,2.9406,0.4266,-10.945402842233404,False
627,AA2AR,boltz,apo,72.03617219091619,83.35675086975098,69.98100280761719,2.8209,0.3752,-10.032363906769966,False
628,AA2AR,boltz,apo,71.3362694851403,81.92215003967286,67.0989990234375,3.1452,1.0394,-10.842872031049158,False
631,AA2AR,boltz,apo,69.15549501863498,79.1014503479004,63.84700012207031,2.8194,0.4451,-9.148878047365011,False
632,AA2AR,protenix,apo,77.27771569127405,88.0506264892457,75.14727228338069,2.8989,0.4296,-10.498985045010569,False
633,AA2AR,protenix,apo,76.77352555119919,88.1174429318812,75.27000045776367,2.8762,0.4384,-10.437091782145474,False
675,AA2AR,boltz,cognate,71.48904847635806,84.85450057983398,65.79199981689453,0.5873,2.7171,-0.184547543957489,False
676,AA2AR,boltz,cognate,72.53998283738072,85.68960037231446,66.5770034790039,0.6096,2.8098,-0.102133450923862,False
677,AA2AR,boltz,cognate,71.10072093334013,82.99990024566651,63.39899826049805,0.6287,2.9669,0.5896790361959994,False
678,AA2AR,boltz,cognate,72.5649053703234,85.83560028076172,66.4729995727539,0.6228,2.7003,-0.0404148777625152,False
679,AA2AR,boltz,cognate,72.10809469685971,85.44775085449218,66.33999633789062,0.621,2.6655,-0.2831398636652658,False
680,AA2AR,boltz,cognate,72.64392470850528,83.96629943847657,64.50800323486328,2.2073,1.1905,-7.8548570025416,False
681,AA2AR,boltz,cognate,71.49195395627068,84.53355026245117,67.1719970703125,0.8175,2.6503,-0.4633790147615819,False
682,AA2AR,boltz,cognate,71.13292470024628,83.11175003051758,63.36000061035156,0.8136,2.9823,0.3335253663589768,False
683,AA2AR,boltz,cognate,71.5117112502311,84.4496503829956,63.0880012512207,0.5017,2.724,-0.3129224712086298,False
684,AA2AR,boltz,cognate,71.77679137813234,84.9053997039795,65.18499755859375,0.6131,2.7972,-0.1300262177601183,False
685,AA2AR,boltz,cognate,70.10022836518519,80.80075054168701,57.88100051879883,2.1747,1.2736,-8.332895877903749,False
686,AA2AR,boltz,cognate,71.78748565970115,83.14315128326416,60.7140007019043,2.2671,0.9932,-8.148462656465753,False
687,AA2AR,boltz,cognate,71.92384223567629,84.633500289917,65.50900268554688,0.5949,2.7522,-0.2876383784427681,False
688,AA2AR,boltz,cognate,71.72242958568832,84.65545043945312,64.73899841308594,0.64,2.7458,-0.2008416582011634,False
689,AA2AR,boltz,cognate,71.54742958939191,83.50705013275146,61.895999908447266,0.9049,2.7031,-0.1935243245020181,False
690,AA2AR,boltz,cognate,71.30139082843817,83.77920036315918,63.66999816894531,0.6452,2.4924,-0.8144949576400045,False
691,AA2AR,boltz,cognate,71.0351067468958,83.8664005279541,64.64099884033203,0.6128,2.681,-0.2378600964443364,False
692,AA2AR,boltz,cognate,71.19358500693609,83.6172004699707,64.5780029296875,0.6383,2.7054,-0.2172223471283025,False
693,AA2AR,boltz,cognate,74.46453393084332,86.3485496520996,65.00499725341797,2.1588,1.2264,-8.389296302070669,False
694,AA2AR,boltz,cognate,72.73675969966406,85.62215003967285,67.44200134277344,0.7937,2.8929,0.416940972427124,False
695,AA2AR,boltz,cognate,71.5304053825082,83.91205024719238,64.92900085449219,0.5389,2.7343,-0.2763299048463388,False
744,AA2AR,chai,cognate,75.49447572615246,89.17906003065784,79.44133377075195,0.6401,2.6662,-0.6065148466563066,False
745,AA2AR,chai,cognate,75.58141829155335,89.14669130101005,79.57208442687988,0.632,2.7427,-0.3555346929704726,False
746,AA2AR,chai,cognate,75.53996742240693,89.24662049473794,79.93400128682454,0.6276,2.7452,-0.3386810483094358,False
747,AA2AR,boltz,cognate,72.42532761583051,85.43464965820313,65.85600280761719,0.5989,2.7224,-0.216718844720674,False
772,AA2AR,boltz,cognate,72.57412627136823,85.4721492767334,66.10199737548828,0.4922,2.7249,0.0517882581151738,False
773,AA2AR,boltz,cognate,71.87504128576482,83.08059959411621,60.86100006103515,0.6173,2.7279,-0.3231531756667358,False
774,AA2AR,boltz,cognate,69.90109961241194,81.66510009765625,60.694000244140625,0.7616,2.6476,-0.3614859780110606,False
775,AA2AR,chai,cognate,75.6438554559355,89.19936790547501,80.16241645812988,0.611,2.699,-0.3924115925006859,False
776,AA2AR,chai,cognate,75.43963816448436,89.15690107513473,79.61999956766765,0.7234,2.6804,-0.4927431483350837,False
777,AA2AR,chai,cognate,75.56335564279604,89.39049200719913,80.44383430480957,0.593,2.6583,-0.4270970412806107,False
778,AA2AR,chai,cognate,75.48989670463926,89.30001455970314,79.67683219909668,0.6412,2.8058,-0.1065415603921273,False
779,AA2AR,chai,cognate,75.26821918846784,88.95149446042929,78.92088911268446,0.6366,2.7233,-0.5632931101619079,False
780,AA2AR,chai,cognate,75.5529728790282,89.24966269894941,79.736083984375,0.6944,2.6632,-0.6514631862223261,False
781,AA2AR,chai,cognate,75.61917871794995,89.28610364938712,80.07324981689453,0.6203,2.8052,-0.252430092093455,False
782,AA2AR,chai,cognate,75.58111000040259,89.24623330728662,79.32458305358887,0.6165,2.7658,-0.4347824515376111,False
784,AA2AR,chai,cognate,75.55305559526306,89.44896912357335,80.38508224487305,0.6423,2.7288,-0.5087536926747127,False
785,AA2AR,chai,cognate,75.47437730510761,89.23786105666497,80.32199923197429,0.627,2.7182,-0.4476993453855975,False
786,AA2AR,chai,cognate,75.48545999918012,89.07379020136327,80.00366719563802,0.6577,2.6918,-0.5431337400255281,False
787,AA2AR,chai,cognate,75.53317558964787,89.00611901949323,79.00733375549316,0.6184,2.6814,-0.4924804297915379,False
788,AA2AR,chai,cognate,75.63479116876287,89.18919545088323,80.23299980163574,0.6367,2.711,-0.4633340064300491,False
789,AA2AR,chai,cognate,75.53724021685257,89.16098316187123,79.87691752115886,0.6391,2.6531,-0.7130585982624602,False
790,AA2AR,chai,cognate,75.54628273930987,89.0083752924436,79.52991739908855,0.6249,2.7015,-0.4855534653333322,False
791,AA2AR,chai,cognate,75.54682981058161,89.19954040375968,80.31066703796387,0.603,2.6626,-0.5388891418128949,False
794,AA2AR,chai,cognate,75.53046127444439,89.22824652296126,79.4928347269694,0.5944,2.7423,-0.3533214964605733,False
795,AA2AR,chai,cognate,75.60152288392746,89.2026061482175,79.16233253479004,0.5959,2.6463,-0.6165597298616738,False
796,AA2AR,chai,cognate,75.49187267307548,89.13258800536867,79.80266698201497,0.6158,2.6887,-0.569457221449909,False
797,AA2AR,chai,cognate,75.49855059003634,89.22302687514224,80.13216781616211,0.6525,2.7083,-0.7298357594291822,False
798,AA2AR,chai,cognate,75.55690389466417,89.195288504123,80.22333441840277,0.6454,2.7558,-0.4059502353234414,False
799,AA2AR,chai,cognate,75.49980972937773,89.02125730945262,79.73658307393391,0.6583,2.6692,-0.5799335020251135,False
800,AA2AR,protenix,cognate,71.07068926801759,85.98652398844301,77.53222317165799,0.5823,2.6463,-0.3791961386182478,False
801,AA2AR,protenix,cognate,70.22340126606029,86.03959707634445,77.7611100938585,0.5372,2.7334,-0.2397329047844465,False
802,AA2AR,protenix,cognate,70.71941509342187,85.94546425072147,77.68333350287543,0.5339,2.6682,-0.3511867765552985,False
803,AA2AR,protenix,cognate,70.44392861843987,86.0187883880885,77.71777937147353,0.5361,2.6912,-0.196406889666445,False
804,AA2AR,protenix,cognate,70.72786729626782,86.27262635734691,77.32666714986165,0.5576,2.6548,-0.3470580172818813,False
805,AA2AR,protenix,cognate,70.956548995755,86.20865872233117,77.2325013478597,0.5014,2.649,-0.3945432696931235,False
806,AA2AR,protenix,cognate,70.18524314800985,86.33269142179779,78.05333264668782,0.5302,2.7154,-0.277791338979604,False
807,AA2AR,protenix,cognate,70.48389648880311,86.3067932755469,77.96555582682292,0.5346,2.6677,-0.3573661383366477,False
808,AA2AR,protenix,cognate,70.00637309640238,86.06294093734775,77.86666531032986,0.5175,2.7194,-0.2928029155782212,False
809,AA2AR,protenix,cognate,71.66476295147734,86.84145184094429,78.43000094095866,0.5073,2.7041,-0.2152146662110361,False
810,AA2AR,protenix,cognate,70.19766275653151,86.28838198842081,77.38166618347168,0.527,2.6838,-0.2896384338238924,False
811,AA2AR,protenix,cognate,70.27844213824098,86.23726916493447,77.31666564941406,0.5007,2.7155,-0.2386655983183203,False
812,AA2AR,protenix,cognate,70.87048708119505,86.21848349408842,77.25166829427083,0.5764,2.7295,-0.2324590829056418,False
813,AA2AR,protenix,cognate,70.96882092814295,86.91959423941795,78.46500142415364,0.5173,2.7409,-0.2128277552712951,False
814,AA2AR,protenix,cognate,70.98161845930814,86.92272932414541,78.48083368937175,0.5453,2.6667,-0.4569240675170931,False
815,AA2AR,protenix,cognate,71.03671705633408,86.91134103634657,78.51000086466472,0.5323,2.7138,-0.3620427152682168,False
816,AA2AR,protenix,cognate,71.25733364570868,86.8408201131229,78.35583305358887,0.5327,2.7139,-0.2377066250616835,False
817,AA2AR,protenix,cognate,70.7321205192785,86.30874204068645,77.83888838026259,0.5452,2.6627,-0.1732671322857335,False
818,AA2AR,protenix,cognate,70.83491074455648,86.28627488012437,77.98555755615234,0.5403,2.6712,-0.3892742631345989,False
819,AA2AR,protenix,cognate,70.96823059215785,86.2851142961604,77.9477776421441,0.5686,2.717,-0.2798071750825599,False
820,AA2AR,protenix,cognate,70.81207858949867,86.35715794356871,78.25166702270508,0.5165,2.6991,-0.2722419287547879,False
821,AA2AR,protenix,cognate,70.40753044140946,86.39595230380522,78.33777703179254,0.5091,2.6969,-0.3936807868527339,False
822,AA2AR,protenix,cognate,71.09129189497237,86.36562444375879,78.11222161187067,0.5191,2.6746,-0.3054744532943516,False
823,AA2AR,protenix,cognate,71.34937624267174,86.30452091515666,78.16444481743707,0.5286,2.6879,-0.2442568723035876,False
824,AA2AR,protenix,cognate,71.36162506414266,86.31536602010631,78.11888885498047,0.4991,2.7071,-0.3207718814944371,False
7232,AA2AR,of3,apo,67.91222189360867,77.93766668409151,63.96947129567464,2.9371,0.6404,-10.967373567477717,False
7233,AA2AR,of3,apo,68.01797923840937,77.57421452390855,64.04046281178792,2.9232,0.6657,-10.717346981854863,False
7234,AA2AR,of3,apo,67.86644350836701,77.33462850551413,63.306458473205566,2.8881,0.6445,-10.61083376935461,False
7235,AA2AR,of3,apo,67.57262415353267,77.45882262318682,63.363216718037926,2.9528,0.7423,-10.899556799457525,False
7236,AA2AR,of3,apo,68.1873896961197,77.48348433840671,63.690701166788735,2.9246,0.6705,-10.92572697628729,False
7237,AA2AR,of3,apo,67.40908208583886,76.2484947447412,61.477441999647354,2.1681,1.0951,-7.910608390693218,False
7238,AA2AR,of3,apo,68.15787585356892,77.63797583914422,63.810943603515625,2.9684,0.5952,-10.904893179164784,False
7239,AA2AR,of3,apo,68.2639813316565,77.58889576774311,63.44260470072428,2.9633,0.6386,-10.936767812204195,False
7240,AA2AR,of3,apo,68.0302795626381,77.40253877584723,63.789939880371094,2.8962,0.6556,-10.755351984004191,False
7241,AA2AR,of3,apo,68.39167453218023,77.45143582819516,63.68000920613607,2.8599,0.7411,-10.575413294352373,False
7242,AA2AR,of3,apo,68.38462539665049,77.42223956604884,63.47870890299479,2.9233,0.671,-11.02026327727853,False
7243,AA2AR,of3,apo,68.13215443685792,77.28872999424543,63.71968936920166,2.936,0.6735,-10.82768167927392,False
7252,AA2AR,of3,apo,67.5268879895068,77.61357342758564,64.3383674621582,2.9084,0.6715,-10.797731295606017,False
7253,AA2AR,of3,apo,67.28896886127609,77.52649538556219,64.27372932434082,2.9731,0.724,-11.05438532262546,False
7254,AA2AR,of3,apo,67.96117618383067,78.16991454193945,64.69293467203777,2.9855,0.6649,-10.970350633686584,False
7255,AA2AR,of3,apo,68.36089273146445,77.80648512229259,61.71507612864176,2.8853,0.5782,-10.599936006389107,False
7256,AA2AR,of3,apo,68.22569609218942,77.64463934912138,63.923447608947754,2.9349,0.6526,-10.859172367402635,False
7257,AA2AR,of3,apo,68.33568690773932,77.48935568997354,63.91943200429281,2.9005,0.6377,-10.769346721625478,False
7258,AA2AR,of3,apo,67.84125808321232,77.97320668165474,64.47653611501057,2.927,0.7061,-10.57016413402383,False
7264,AA2AR,of3,apo,68.40708608395228,77.75478586027633,62.0002113978068,2.8348,0.6582,-10.49784202864017,False
7265,AA2AR,of3,apo,68.02549071294331,77.81102719214744,62.027722676595054,2.9704,0.6396,-11.04481556853314,False
7266,AA2AR,of3,apo,68.14893333367063,77.65776718603412,61.80551560719808,2.8703,0.6558,-10.614873479014705,False
7279,AA2AR,of3,apo,67.90974044096279,77.7911025467029,63.9382381439209,2.9364,0.6208,-10.789088469524838,False
7299,AA2AR,of3,apo,67.5712364595668,77.5856735173001,64.53029727935791,2.8827,0.7328,-10.612077776569912,False
7328,AA2AR,of3,cognate,69.57297937873433,84.33394110436049,71.76668739318848,0.9337,2.7218,0.0880292139956218,False
7339,AA2AR,of3,apo,68.46138853147993,77.64637202375035,61.74311065673828,2.9389,0.582,-11.022292683163837,False
7348,AA2AR,of3,cognate,70.56957393566357,86.50971557332323,75.19922955830891,0.8931,2.5233,-0.1904924635633342,False
7349,AA2AR,of3,cognate,70.98308933135813,86.95222300598287,76.02862612406413,0.7607,2.6335,0.1225422329578833,False
7350,AA2AR,of3,cognate,71.06540108967543,86.39234949544051,68.06210295359294,0.5933,2.8309,0.0016956667046237,False
7375,AA2AR,of3,cognate,69.79361767429948,85.25046910742833,72.71055062611897,0.8296,2.8576,0.6728081263108834,False
7399,AA2AR,of3,cognate,70.7702005310452,86.84768468141212,76.4304879506429,0.8685,2.6156,0.1335809737195887,False
7415,AA2AR,of3,cognate,69.93451491303269,86.08745829611112,72.08074919382732,0.8431,2.5824,-0.1875858923773528,False
7420,AA2AR,of3,cognate,70.38098563729274,86.31500036320817,73.05563640594482,0.8025,2.4985,-0.4345498758988952,False
7421,AA2AR,of3,cognate,70.10520385205658,87.29540093958636,75.88706080118816,0.808,2.5046,-0.3749855428309772,False
7422,AA2AR,of3,cognate,70.32239124561079,86.74382596548502,68.68960507710774,0.6503,2.795,0.0141998187081,False
7424,AA2AR,of3,cognate,70.90525806537636,86.36476204848735,71.28564389546712,0.6504,2.6444,-0.1590065033524794,False
7425,AA2AR,of3,cognate,70.4899490853574,87.61031060174773,75.30969842274983,0.6124,2.7898,-0.2118021908261553,False
7426,AA2AR,of3,cognate,70.44393678826772,87.73397463751733,74.4573221206665,0.6419,2.8141,-0.0670453509052784,False
7427,AA2AR,of3,cognate,70.7161277668907,87.69598520084892,75.05642700195312,0.7595,2.8426,-0.006513095573819,False
7432,AA2AR,of3,cognate,69.72875340622267,86.81508177841897,74.55892562866211,0.6113,2.7203,-0.4203511183740716,False
7433,AA2AR,of3,cognate,70.65579248391934,88.09154699483818,76.17722988128662,0.652,2.7916,-0.0766117452959029,False
7434,AA2AR,of3,cognate,70.3088721841767,87.53432178967958,72.58991877237956,0.5952,2.7768,-0.0646027597915193,False
7435,AA2AR,of3,cognate,70.07545434794972,86.68657127249637,73.72160339355469,0.8195,2.5594,-0.2807670215491775,False
7440,AA2AR,of3,cognate,70.57485513022021,86.57998908652543,72.13003094991048,0.7047,2.8322,0.1269045196165876,True
7441,AA2AR,of3,cognate,69.79608275997454,84.98938668143698,73.65995195176866,0.8772,2.4516,-0.4482933209736082,False
7442,AA2AR,of3,cognate,70.0050306599902,84.98719410040334,73.35330804189046,0.8391,2.6928,0.1998150640122844,False
7459,AA2AR,of3,cognate,70.6746724271818,87.71850145326204,73.21256256103516,0.6191,2.8557,0.105002130507195,False
7464,AA2AR,of3,cognate,70.49450336804125,87.59778448031922,72.80891036987305,0.6138,2.8525,-0.0191320866148529,False
7465,AA2AR,of3,cognate,70.55045520201257,87.53690672976286,72.7117125193278,0.6033,2.7847,-0.1436473956960817,False
7466,AA2AR,of3,cognate,70.33137049795167,87.2851469036339,71.79994297027588,0.5625,2.7554,-0.2430124659973032,False
